Episode,PPO Reward
0,-0.5
1,-0.16379938
2,-0.5258609
3,0.4445685
4,-0.19206208
5,-0.31715584
6,0.3412519
7,-0.008908927
8,-0.1755786
9,-0.5
10,-0.04293102
11,-0.15864372
12,-0.20448941
13,1.0357916
14,0.07893586
15,0.9854715
16,0.8408294
17,0.22876298
18,-0.24251199
19,0.353517
20,-0.14592737
21,-0.5
22,1.7530717
23,0.0073205233
24,2.6752129
25,0.05319929
26,0.32807696
27,1.5248144
28,0.5782356
29,0.5973768
30,0.67451787
31,-0.047284335
32,-0.17832547
33,0.2603737
34,0.4759271
35,0.15785336
36,0.51652944
37,1.1159734
38,0.12820333
39,0.7768445
40,0.6412883
41,-0.5
42,-0.057858795
43,-0.19310313
44,-0.21685234
45,-0.16412419
46,-0.09024525
47,-0.2106421
48,-0.5
49,-0.5
50,1.0026202
51,0.5931815
52,-0.17381716
53,-0.5
54,-0.18499726
55,-0.5
56,-0.17435378
57,0.43887872
58,1.457736
59,0.6565156
60,-0.1599864
61,1.3467182
62,-0.5
63,-0.35082316
64,-0.5
65,0.4365642
66,0.8701488
67,-0.5
68,0.34047455
69,-0.15462953
70,0.3202238
71,-0.33794612
72,0.82617486
73,-0.5
74,-0.5
75,-0.17372626
76,-0.1963889
77,-0.5
78,-0.21532407
79,-0.5
80,-0.5
81,0.3382498
82,0.15433848
83,0.46453524
84,0.48152018
85,0.23252088
86,-0.30485106
87,-0.5
88,0.059543014
89,0.1055001
90,-0.23983422
91,0.6388035
92,0.90029347
93,-0.11839819
94,-0.5
95,0.37455034
96,-0.17326507
97,0.08708024
98,0.16352957
99,0.49505472
100,-0.5
101,0.5594859
102,0.22356957
103,-0.2810751
104,1.1240499
105,-0.17663631
106,-0.5
107,0.03227651
108,0.8269272
109,-0.17812365
110,0.053596675
111,0.29315162
112,-0.010380417
113,-0.5
114,-0.013225436
115,-0.2084691
116,0.7020663
117,0.52410114
118,-0.1424366
119,-0.2295917
120,-0.13292608
121,1.0714537
122,0.44005853
123,0.09768891
124,2.481613
125,-0.5
126,-0.22491145
127,0.6318445
128,1.4312232
129,0.31569785
130,-0.5
131,-0.16724044
132,0.77287304
133,-0.5
134,0.26679277
135,-0.5
136,1.4698647
137,-0.1291787
138,0.6935494
139,1.3783956
140,0.43980098
141,0.15186578
142,0.21227628
143,0.040230393
144,-0.3913808
145,0.2894981
146,-0.10711843
147,-0.24921256
148,0.60901415
149,-0.5
150,0.7792256
151,0.62009466
152,1.1067233
153,-0.24723846
154,-0.03083682
155,0.18166399
156,-0.41926828
157,0.6394999
158,0.009394467
159,0.18055218
160,0.24516183
161,-0.20202607
162,1.5190926
163,-0.5
164,0.03792566
165,0.21538311
166,0.09008682
167,0.8582933
168,0.20927495
169,0.038764477
170,-0.5
171,0.39077818
172,-0.16578817
173,-0.20797557
174,-0.43413725
175,0.43673694
176,0.22855562
177,-0.5
178,0.42463708
179,-0.23420033
180,0.79542243
181,-0.5
182,-0.08631134
183,0.16489565
184,-0.5
185,0.11673361
186,0.89503825
187,-0.17537278
188,0.35139358
189,-0.5
190,1.8857477
191,-0.18800607
192,0.5782329
193,-0.23280817
194,0.06920159
195,0.52871597
196,-0.5
197,0.5601548
198,-0.3920098
199,0.5191783
200,0.089785874
201,0.51123154
202,0.97985363
203,2.016323
204,-0.3370847
205,-0.5
206,-0.07052627
207,-0.15154052
208,-0.5
209,0.8749676
210,-0.5
211,-0.1830717
212,0.3902142
213,0.39960116
214,-0.21713161
215,-0.17801514
216,-0.12753233
217,-0.28270358
218,-0.5
219,-0.06409323
220,0.33682483
221,1.8367718
222,0.17758536
223,0.4722643
224,0.36532837
225,0.07948464
226,-0.12312007
227,-0.023876727
228,1.7766414
229,0.8869126
230,0.9657136
231,-0.22549576
232,-0.24226218
233,-0.5
234,-0.5
235,-0.5
236,0.6320648
237,-0.1184448
238,-0.043730855
239,1.3025312
240,-0.5
241,1.207641
242,-0.1951909
243,-0.13281259
244,-0.35642982
245,-0.13408199
246,-0.2622531
247,-0.2892608
248,0.42549187
249,-0.16305152
250,0.18640292
251,-0.5
252,-0.5
253,-0.5
254,0.02808547
255,1.114617
256,-0.5
257,0.7023847
258,0.6378795
259,-0.19080418
260,0.12036228
261,0.32873738
262,-0.27661997
263,-0.5
264,0.15855813
265,-0.24530467
266,-0.14143449
267,-0.2641034
268,-0.5
269,0.8585783
270,0.41369623
271,-0.38310868
272,-0.2752808
273,-0.5
274,-0.3727755
275,0.027266264
276,0.5650735
277,-0.088477254
278,-0.04057318
279,0.05373639
280,-0.50221455
281,-0.5
282,0.94842184
283,-0.5
284,-0.5
285,1.1960025
286,0.21007472
287,0.07384652
288,0.9946506
289,-0.5
290,0.100687444
291,-0.22446847
292,0.5986818
293,0.51600194
294,0.10157895
295,-0.17595655
296,-0.5
297,0.5202483
298,0.07235986
299,1.4027604
300,-0.5
301,2.4516993
302,-0.4031466
303,0.19019663
304,-0.25967616
305,0.17061996
306,0.133219
307,-0.5
308,-0.19899979
309,2.9100018
310,0.21767128
311,0.22067356
312,0.9561714
313,0.41058147
314,0.0867601
315,1.9607356
316,0.05740547
317,-0.14187488
318,-0.19386935
319,-0.1792377
320,0.42616463
321,2.14079
322,0.0041917562
323,-0.23408675
324,0.61863875
325,-0.5
326,-0.1549781
327,-0.19180718
328,0.3454247
329,-0.23335075
330,-0.5
331,-0.28657407
332,-0.5
333,-0.5
334,-0.19875956
335,0.02584219
336,0.9021194
337,-0.24375981
338,-0.19357091
339,0.48834765
340,-0.5
341,0.56466484
342,1.623071
343,-0.5
344,0.15673
345,-0.2838971
346,-0.5
347,0.13761693
348,0.7605319
349,-0.15878135
350,-0.5
351,-0.042088687
352,0.16302824
353,0.9104847
354,0.06775892
355,0.044892073
356,-0.5
357,-0.5
358,0.430485
359,-0.17148104
360,1.179987
361,-0.5
362,-0.15455085
363,-0.1636613
364,-0.37956673
365,1.0618156
366,0.1611551
367,0.38384652
368,-0.21722776
369,0.16320771
370,-0.5
371,0.07332641
372,-0.11208972
373,0.4591344
374,-0.5
375,-0.5
376,-0.5
377,0.41973245
378,1.5445304
379,0.4442581
380,-0.5
381,0.3441937
382,1.491842
383,0.6836461
384,-0.21862206
385,0.4878642
386,-0.2808102
387,-0.31986466
388,-0.5
389,0.07874048
390,-0.5
391,0.030135334
392,1.0144556
393,-0.17314881
394,-0.5
395,0.05542952
396,-0.5
397,0.55548763
398,1.3667005
399,0.46536142
400,2.538222
401,0.4926604
402,0.073046684
403,-0.5
404,0.48766363
405,-0.35120934
406,0.18508685
407,0.08466017
408,1.3566147
409,-0.19884902
410,0.30096835
411,-0.5
412,-0.20737475
413,0.567477
414,-0.15436831
415,0.63746405
416,0.035502195
417,-0.5
418,0.0538674
419,1.3034427
420,-0.5
421,0.95770216
422,-0.2765201
423,0.046315134
424,1.5588813
425,0.9303819
426,0.41484487
427,0.08705199
428,0.34906924
429,0.3132652
430,-0.18802881
431,1.4632733
432,-0.13620597
433,0.726709
434,-0.5
435,0.09908503
436,0.35581553
437,1.5965152
438,0.96988064
439,0.6138029
440,-0.22643247
441,0.34202927
442,0.5395781
443,-0.12348139
444,-0.5
445,-0.27793965
446,-0.5
447,-0.5
448,-0.5
449,0.12592304
450,0.71043646
451,-0.5
452,0.0356732
453,-0.39451838
454,-0.5
455,1.6758516
456,-0.5
457,0.18435836
458,0.51512575
459,0.2700169
460,0.22322363
461,0.123362064
462,-0.16886577
463,0.11827052
464,-0.5
465,0.26241887
466,0.33667326
467,-0.037251383
468,0.022479415
469,0.3082677
470,-0.08165109
471,-0.5
472,-0.07899484
473,-0.056442946
474,-0.16456509
475,-0.12024751
476,-0.5
477,-0.19484529
478,-0.36073714
479,-0.5
480,-0.08799523
481,0.6335176
482,0.14562106
483,0.78804815
484,-0.5
485,0.96120775
486,-0.097968966
487,-0.2393868
488,-0.17724067
489,-0.5
490,-0.23858461
491,-0.18904924
492,-0.5
493,0.5007273
494,-0.23568201
495,-0.050744295
496,0.017681122
497,-0.5
498,0.39169908
499,-0.5
500,-0.33739913
501,-0.11753708
502,0.06354964
503,-0.5
504,-0.15056878
505,-0.3142499
506,-0.5
507,-0.17636728
508,0.14633238
509,0.09833509
510,1.092058
511,0.32376254
512,1.7587574
513,-0.23399591
514,1.3861151
515,0.011141241
516,0.09960878
517,-0.16833344
518,0.14744818
519,-0.23866206
520,-0.011929661
521,-0.17232275
522,0.08259314
523,0.08941859
524,0.07744694
525,-0.15650311
526,0.067252636
527,1.0864457
528,0.43844098
529,-0.034983605
530,0.3955565
531,-0.5
532,-0.06033802
533,0.33078396
534,-0.5
535,0.5387646
536,0.24180913
537,0.09258342
538,1.7742894
539,-0.17800531
540,0.13489473
541,-0.28421497
542,0.23241305
543,-0.40877312
544,-0.055983752
545,1.1791079
546,0.08322787
547,0.15523827
548,-0.5
549,-0.17152786
550,0.4064895
551,0.018214703
552,-0.13543454
553,0.24551165
554,-0.19661236
555,0.1138742
556,0.3434626
557,-0.17886257
558,0.27573156
559,-0.343254
560,0.13615906
561,0.26835948
562,0.087551594
563,-0.5
564,-0.16380197
565,-0.5
566,0.4811762
567,0.47603786
568,1.0291449
569,-0.18935537
570,0.9526346
571,0.052190542
572,0.75928307
573,0.74745953
574,-0.5
575,-0.19891709
576,0.8071842
577,-0.5
578,0.72657263
579,-0.14467764
580,0.0014093518
581,0.5353768
582,-0.1642951
583,-0.24904948
584,-0.15922546
585,-0.22751254
586,-0.1649724
587,-0.0585801
588,2.088131
589,-0.3102494
590,1.142806
591,-0.065167665
592,2.609233
593,0.42386615
594,0.45461875
595,-0.5
596,-0.5
597,0.72112906
598,2.569982
599,0.17968702
600,-0.5
601,0.19060725
602,-0.030224174
603,1.7962
604,0.61654353
605,1.4244789
606,0.08260667
607,0.14772165
608,0.1008898
609,-0.5
610,1.5335615
611,-0.39855304
612,0.8652446
613,0.3273307
614,0.88834417
615,0.7014921
616,-0.5
617,-0.012378693
618,0.7317883
619,0.056036234
620,-0.26160255
621,1.2526896
622,-0.5
623,-0.2207888
624,0.44490373
625,0.6830478
626,-0.14444989
627,0.04550743
628,0.13650435
629,0.37871766
630,0.76345503
631,0.14728093
632,-0.39274585
633,-0.10355401
634,0.52887416
635,0.4997797
636,0.0014730692
637,-0.20089951
638,-0.14737749
639,-0.09982392
640,0.68565416
641,0.5731473
642,0.3417943
643,1.0590043
644,-0.39155832
645,-0.037893534
646,0.22560829
647,-0.5
648,0.5968472
649,0.10520905
650,0.21938825
651,-0.20264447
652,2.204335
653,0.3516016
654,-0.5
655,-0.35604793
656,0.5755162
657,-0.2527662
658,-0.15839252
659,-0.19166747
660,-0.1839971
661,0.1483624
662,0.068391204
663,-0.1892089
664,-0.5
665,0.17830694
666,-0.5
667,1.3047162
668,0.33752096
669,0.32909793
670,0.2057721
671,0.01260668
672,-0.28572416
673,-0.19200689
674,1.0140555
675,0.17849106
676,-0.5
677,-0.006313622
678,-0.04498273
679,-0.021696031
680,0.437088
681,0.08269417
682,1.1335963
683,-0.057682157
684,-0.24413794
685,-0.53738666
686,-0.2249636
687,1.1858747
688,-0.20059592
689,-0.5
690,-0.5
691,-0.17417306
692,-0.24881011
693,1.191226
694,-0.5
695,0.14961392
696,0.36234796
697,0.9431828
698,-0.2072072
699,0.4693805
700,0.37078285
701,-0.23954716
702,0.30427313
703,-0.2323348
704,-0.5
705,-0.067524284
706,-0.5
707,1.6330223
708,0.37150156
709,0.07618576
710,-0.04425326
711,0.34194696
712,0.00071823597
713,0.11024737
714,0.028573036
715,1.4790273
716,0.37365824
717,0.2509784
718,1.6351509
719,0.54850745
720,-0.15444183
721,0.41993666
722,1.2433252
723,0.68878067
724,-0.5
725,-0.38046494
726,0.6504277
727,0.1185385
728,1.4810216
729,-0.5
730,0.09326601
731,0.684896
732,0.7795501
733,2.469089
734,-0.12331301
735,-0.5
736,0.9848043
737,0.80195653
738,-0.2782692
739,0.42700315
740,-0.18104172
741,0.40690923
742,1.0960283
743,-0.5
744,-0.5
745,-0.5
746,1.5996442
747,-0.21227226
748,-0.1739338
749,-0.5
750,0.3385328
751,0.21709067
752,0.36580372
753,-0.115508944
754,0.23597944
755,0.88518226
756,0.116357625
757,0.057972968
758,1.3831224
759,-0.5
760,0.1381625
761,-0.18181992
762,0.10777819
763,0.49380422
764,-0.19964561
765,0.25488383
766,-0.5
767,0.07809901
768,0.72949886
769,0.56397176
770,1.3005911
771,0.38803285
772,1.4323499
773,-0.5
774,0.1970985
775,0.1581055
776,-0.049066484
777,0.09050512
778,0.7190232
779,-0.5
780,0.13851619
781,0.6627687
782,-0.40735775
783,0.28063607
784,0.05387348
785,0.12367463
786,0.32798958
787,-0.19597483
788,0.58647525
789,1.1897607
790,-0.5
791,-0.19616023
792,-0.5
793,-0.034886062
794,0.16998947
795,0.48903072
796,1.6687632
797,0.5434762
798,1.1304383
799,0.04455006
800,0.21726787
801,0.1369251
802,0.53315544
803,0.43037832
804,-0.5
805,0.5145652
806,1.3333743
807,0.13553822
808,0.23993963
809,1.3110907
810,-0.08822429
811,0.12649775
812,1.3974196
813,0.38744575
814,-0.5
815,-0.10803962
816,0.192245
817,0.5101826
818,-0.044508934
819,-0.5
820,0.16609317
821,0.03441477
822,-0.5
823,0.6139841
824,1.0225276
825,0.5330143
826,-0.23559126
827,0.7405883
828,0.035336614
829,-0.2373938
830,2.2103806
831,0.90766966
832,-0.5
833,-0.4798891
834,1.3762105
835,0.18530929
836,0.26786882
837,-0.5
838,0.9728317
839,0.21067631
840,-0.06590533
841,-0.012861401
842,-0.046137273
843,-0.21863165
844,1.8341477
845,0.4986508
846,0.40587974
847,1.0471668
848,0.49393272
849,0.906564
850,1.2510467
851,-0.19502467
852,-0.16618985
853,2.2735834
854,0.90532804
855,0.3560838
856,-0.5
857,-0.5
858,1.978028
859,0.54784465
860,0.48022437
861,0.93040144
862,0.2311756
863,0.45104945
864,0.5385113
865,0.27441484
866,0.5109172
867,1.9608376
868,0.22366571
869,0.6133735
870,-0.25025117
871,-0.08526176
872,-0.5
873,0.27027047
874,-0.5
875,-0.19536296
876,0.7145821
877,0.16665483
878,0.648383
879,-0.2082836
880,1.2405236
881,-0.0024243295
882,-0.5
883,-0.050336063
884,0.031669855
885,0.9347683
886,0.0018432736
887,0.39651632
888,0.10608083
889,0.81745374
890,1.2251332
891,-0.26908994
892,-0.22901115
893,0.43611032
894,0.5428282
895,0.26183182
896,0.10869205
897,-0.16393453
898,0.13798273
899,0.9895346
900,0.9710032
901,0.0049224496
902,0.007496834
903,0.017939627
904,-0.26929626
905,0.13555872
906,-0.024265766
907,-0.11248037
908,1.8368297
909,0.69877636
910,-0.5
911,0.035274148
912,0.07496393
913,-0.20755282
914,2.4881651
915,-0.27076095
916,-0.5
917,-0.07920408
918,0.11282849
919,-0.14395323
920,0.05730784
921,0.5158503
922,0.056541204
923,0.64724493
924,-0.19401368
925,0.7536392
926,0.48433888
927,0.54141426
928,0.51048017
929,-0.13479337
930,-0.5
931,-0.5
932,-0.5
933,0.23538208
934,0.2846067
935,0.8819523
936,0.27763677
937,1.188971
938,-0.15101537
939,1.6856728
940,-0.5
941,-0.5
942,-0.18021029
943,-0.20633921
944,0.88896394
945,-0.19112772
946,1.5159838
947,0.6731932
948,0.60763574
949,0.02774012
950,0.12300956
951,0.71610427
952,0.20092261
953,0.69795096
954,-0.19567418
955,0.447192
956,2.3069813
957,0.016391993
958,-0.5
959,0.8178381
960,0.3924775
961,0.0716359
962,-0.07077226
963,0.8480792
964,2.579468
965,0.38825828
966,0.746557
967,0.96300435
968,0.04244411
969,-0.036387682
970,-0.3412679
971,0.2754194
972,0.23120981
973,-0.24599177
974,0.10642654
975,0.36895597
976,0.0725894
977,-0.25412542
978,0.45337093
979,0.40410578
980,0.21519482
981,-0.5
982,1.4834176
983,1.301744
984,-0.5
985,1.6959386
986,0.089090884
987,0.12258935
988,1.0327783
989,-0.04223594
990,-0.2240712
991,1.1045465
992,0.4481792
993,-0.24492916
994,0.21107697
995,-0.27232146
996,0.2824707
997,-0.5
998,-0.3299919
999,0.4324456
1000,0.17069691
1001,0.116315186
1002,-0.23764858
1003,0.5384499
1004,0.11409229
1005,0.89906514
1006,-0.5
1007,0.5212252
1008,0.101674914
1009,-0.050230116
1010,-0.5
1011,0.47081715
1012,0.106334925
1013,-0.15819827
1014,-0.5
1015,2.4838421
1016,0.7440549
1017,-0.18651247
1018,0.7374413
1019,0.87414443
1020,0.029619813
1021,1.5496421
1022,-0.5
1023,0.60562885
1024,0.058891416
1025,-0.28975907
1026,0.8625269
1027,-0.5
1028,-0.26989216
1029,0.09304792
1030,0.2242276
1031,1.1390371
1032,-0.5
1033,0.0926919
1034,1.3468031
1035,1.3399613
1036,0.5711385
1037,0.28366232
1038,1.3659474
1039,-0.5
1040,0.24107665
1041,-0.19311064
1042,0.13101178
1043,0.58539915
1044,0.41616595
1045,1.9749815
1046,0.048264742
1047,0.47555602
1048,-0.19943261
1049,0.18094176
1050,-0.26640138
1051,-0.25170225
1052,0.8332983
1053,0.46541357
1054,-0.5
1055,-0.5
1056,0.137434
1057,0.4127627
1058,1.2484144
1059,-0.17907047
1060,2.1863546
1061,0.38879567
1062,0.33264863
1063,-0.5
1064,2.043625
1065,-0.18338758
1066,0.99356127
1067,-0.5
1068,1.5261548
1069,0.20031482
1070,-0.19395512
1071,0.19121426
1072,0.8161924
1073,0.50349927
1074,-0.16641751
1075,-0.1342698
1076,0.8845191
1077,0.05839932
1078,0.044435382
1079,-0.5
1080,0.20758498
1081,0.40207368
1082,-0.20297378
1083,0.65246844
1084,0.23478782
1085,-0.03160724
1086,3.8801637
1087,-0.16459638
1088,2.0781887
1089,0.7696967
1090,0.7203189
1091,1.4224393
1092,0.99153924
1093,0.62924814
1094,0.23672372
1095,-0.5
1096,0.7276813
1097,-0.5
1098,-0.5
1099,0.9175509
1100,-0.18242437
1101,0.91845167
1102,-0.18059081
1103,0.7213645
1104,0.47074705
1105,0.9856453
1106,-0.5
1107,0.6883724
1108,-0.5
1109,0.000831902
1110,1.5429363
1111,-0.5
1112,-0.14822158
1113,0.48260403
1114,-0.051295906
1115,0.45254147
1116,0.18723428
1117,1.2012336
1118,-0.29711062
1119,1.4441981
1120,0.98661184
1121,1.5846071
1122,-0.5
1123,0.62494123
1124,-0.17614993
1125,0.066948175
1126,0.07465464
1127,0.13810396
1128,0.82478106
1129,2.4323318
1130,1.3624372
1131,-0.5
1132,0.3898269
1133,0.20107168
1134,0.11226869
1135,0.5129192
1136,0.31903064
1137,-0.051407784
1138,0.17622024
1139,0.09759861
1140,-0.5
1141,0.38763857
1142,-0.5
1143,1.3612947
1144,1.766309
1145,0.071312666
1146,2.5677838
1147,0.36277658
1148,1.3093556
1149,0.6175036
1150,0.16586095
1151,1.0083655
1152,0.12905622
1153,0.35519516
1154,0.92326367
1155,0.75755835
1156,0.7638836
1157,-0.2304936
1158,-0.15220729
1159,0.99885345
1160,1.5105636
1161,1.4116035
1162,0.8047582
1163,1.0790565
1164,0.59929764
1165,0.8685181
1166,-0.17209178
1167,0.16183776
1168,0.21258098
1169,-0.22957191
1170,1.1238374
1171,0.719095
1172,0.12716675
1173,1.1095364
1174,0.17657924
1175,-0.17613402
1176,2.1176808
1177,-0.5
1178,0.3398103
1179,1.1657836
1180,0.13977611
1181,-0.20111409
1182,-0.5
1183,0.77246726
1184,0.24208224
1185,0.051035643
1186,0.007986546
1187,0.8664714
1188,-0.1886076
1189,0.3525952
1190,0.15861309
1191,-0.2595563
1192,1.1332914
1193,0.45370704
1194,-0.21840549
1195,0.49823368
1196,-0.5
1197,0.3478886
1198,0.6263062
1199,0.03832704
1200,0.13839424
1201,-0.07916626
1202,0.88840675
1203,1.784288
1204,-0.5
1205,0.22511339
1206,0.8153837
1207,0.14146608
1208,0.085516036
1209,0.08843827
1210,0.3276658
1211,2.3067079
1212,0.17198062
1213,-0.5
1214,1.2696422
1215,0.48530763
1216,-0.19695273
1217,0.15261257
1218,0.45695674
1219,1.1073177
1220,0.11433315
1221,0.9705343
1222,3.8124714
1223,0.3545977
1224,2.6838207
1225,-0.5
1226,0.585565
1227,0.72991145
1228,-0.30952916
1229,-0.044921756
1230,0.05690819
1231,0.68401814
1232,2.2705858
1233,0.14589643
1234,0.23708582
1235,0.7215133
1236,0.46148205
1237,0.17059499
1238,0.9401916
1239,0.505975
1240,-0.32694498
1241,0.13086581
1242,0.35877907
1243,2.2530892
1244,-0.25543863
1245,1.2233126
1246,1.0561354
1247,-0.2904017
1248,0.36025512
1249,-0.22252065
1250,-0.16029128
1251,0.008388162
1252,-0.5
1253,2.756326
1254,2.1216357
1255,0.5773585
1256,0.0737288
1257,2.9554071
1258,0.43807733
1259,0.7247766
1260,0.14378715
1261,1.0604494
1262,0.33463287
1263,-0.5
1264,0.17529553
1265,0.12722236
1266,1.727092
1267,1.0168395
1268,-0.31832474
1269,-0.04817885
1270,0.054769874
1271,-0.013295233
1272,1.049994
1273,-0.2121988
1274,1.7190266
1275,4.2754354
1276,0.39441216
1277,1.3130232
1278,0.29279262
1279,0.27416265
1280,0.26300722
1281,0.63399625
1282,0.4823501
1283,0.16893578
1284,-0.1622653
1285,1.1300279
1286,-0.265232
1287,0.06804019
1288,-0.28531283
1289,0.17296481
1290,0.14511824
1291,0.17812622
1292,0.14593196
1293,0.37449652
1294,-0.5
1295,1.4228873
1296,0.025815725
1297,0.1676799
1298,0.08061123
1299,0.6151117
1300,0.07589197
1301,2.512476
1302,0.057858407
1303,-0.008027315
1304,1.4890652
1305,0.20881242
1306,0.9864849
1307,2.6157804
1308,-0.15212256
1309,-0.5
1310,0.04566461
1311,-0.5
1312,0.36265767
1313,5.7001195
1314,0.7181393
1315,0.10901904
1316,0.47875994
1317,-0.1774239
1318,0.14579523
1319,-0.5
1320,0.08636427
1321,0.24438822
1322,-0.14852947
1323,-0.19415015
1324,1.1869909
1325,0.516608
1326,0.97091496
1327,0.8057996
1328,0.08078641
1329,1.6820555
1330,0.60550714
1331,0.57568085
1332,-0.020717472
1333,0.9432273
1334,0.031994104
1335,-0.15762436
1336,-0.27367145
1337,-0.5
1338,0.75866723
1339,0.17864525
1340,2.1274557
1341,0.8199066
1342,-0.19524726
1343,0.16040611
1344,0.03412819
1345,-0.16742963
1346,0.0495345
1347,0.69538796
1348,0.32261848
1349,0.43662018
1350,-0.17959005
1351,0.7758678
1352,-0.20347103
1353,-0.5
1354,0.4391966
1355,-0.07350081
1356,-0.5
1357,-0.23282886
1358,0.32367384
1359,0.41624713
1360,-0.20282307
1361,-0.19138813
1362,-0.5
1363,2.9839294
1364,0.49178624
1365,-0.5
1366,2.275278
1367,0.9985359
1368,0.13263112
1369,0.40149844
1370,-0.5
1371,0.06684649
1372,1.0768499
1373,1.6057584
1374,1.6576133
1375,0.15653813
1376,0.3528478
1377,-0.18634939
1378,1.7075582
1379,-0.3134547
1380,-0.19361582
1381,1.1355193
1382,0.523963
1383,1.2436079
1384,0.4584278
1385,1.0206053
1386,0.33947766
1387,-0.5
1388,1.4112687
1389,0.20857179
1390,-0.1746049
1391,0.37672228
1392,0.28340828
1393,0.09076047
1394,1.6145117
1395,-0.5
1396,0.96247053
1397,-0.17667255
1398,-0.14566574
1399,0.44530612
1400,1.6799657
1401,0.9281306
1402,0.9378984
1403,1.7553129
1404,0.15012836
1405,-0.5
1406,0.5670426
1407,-0.18858299
1408,-0.5
1409,0.15329677
1410,0.29219753
1411,0.29558247
1412,-0.17841426
1413,1.2180707
1414,0.332354
1415,1.7927859
1416,-0.065535456
1417,0.7481766
1418,0.48961067
1419,0.17491722
1420,0.45800972
1421,0.0063308477
1422,0.35172868
1423,0.38583577
1424,-0.07405299
1425,0.16688472
1426,0.52742946
1427,0.21582425
1428,0.018283248
1429,0.17898774
1430,0.1046747
1431,-0.036068827
1432,1.101716
1433,0.29556692
1434,-0.5
1435,0.49358332
1436,0.298876
1437,0.4830094
1438,0.16571862
1439,-0.5
1440,1.2112787
1441,-0.2605702
1442,0.08105314
1443,2.6207802
1444,0.044201553
1445,0.039991796
1446,0.20648932
1447,-0.5
1448,0.2859521
1449,-0.24424988
1450,-0.35432777
1451,-0.21161681
1452,1.6378486
1453,1.4653494
1454,0.86125076
1455,0.35204345
1456,1.103983
1457,-0.2362163
1458,0.7357476
1459,0.4492911
1460,-0.21104783
1461,-0.5
1462,1.7376649
1463,0.34621346
1464,4.9290705
1465,1.5902536
1466,0.121421814
1467,0.7329658
1468,0.34789538
1469,-0.1949355
1470,0.117806554
1471,1.400746
1472,-0.25595045
1473,-0.13624132
1474,0.030882716
1475,-0.037855953
1476,0.53607106
1477,0.32767892
1478,0.8197067
1479,-0.3334722
1480,0.37840748
1481,0.06261182
1482,0.88455343
1483,0.427391
1484,-0.2084755
1485,0.13655311
1486,1.6952486
1487,0.48828918
1488,-0.2906344
1489,0.43383843
1490,0.9698957
1491,0.31647056
1492,-0.1624488
1493,-0.5
1494,0.46152097
1495,-0.18668881
1496,1.0888294
1497,0.25738782
1498,0.05641538
1499,0.17799008
1500,1.7265985
1501,0.49428588
1502,0.48112166
1503,0.22895563
1504,0.41070545
1505,0.27789795
1506,-0.5
1507,0.032659292
1508,-0.17708749
1509,1.6451272
1510,-0.022951484
1511,-0.5
1512,2.049173
1513,-0.31780234
1514,1.200218
1515,-0.25122476
1516,0.15471268
1517,-0.3528913
1518,-0.3486755
1519,-0.5
1520,1.5203054
1521,0.27241683
1522,-0.5
1523,2.452034
1524,-0.014500201
1525,0.33138978
1526,1.254591
1527,-0.1780467
1528,-0.5
1529,1.3860762
1530,-0.030693382
1531,-0.2672494
1532,0.34040737
1533,0.10835534
1534,-0.22494936
1535,2.2758327
1536,0.69944596
1537,1.0100479
1538,0.37322873
1539,0.5128329
1540,0.57788646
1541,0.15067661
1542,-0.5
1543,0.55873716
1544,-0.1972414
1545,0.8277099
1546,-0.5
1547,0.8794553
1548,-0.16979903
1549,2.0043926
1550,0.92884564
1551,0.8684703
1552,-0.20437345
1553,-0.07715845
1554,0.44034958
1555,-0.053111404
1556,0.065457344
1557,2.1591542
1558,1.9777323
1559,0.56499803
1560,0.0770663
1561,1.4032521
1562,-0.5
1563,0.13970244
1564,1.5233474
1565,0.32655948
1566,-0.037783086
1567,1.6566448
1568,0.94350076
1569,1.1993995
1570,0.22409755
1571,-0.5
1572,0.9393624
1573,1.5978937
1574,-0.31037742
1575,0.6312051
1576,5.4905415
1577,1.2488334
1578,1.8440993
1579,0.40540755
1580,0.49434745
1581,-0.07487714
1582,0.041638613
1583,0.35081494
1584,1.531095
1585,1.0699008
1586,0.11898339
1587,0.13016129
1588,0.3201087
1589,-0.5
1590,0.4912486
1591,0.2956664
1592,-0.26998812
1593,-0.5
1594,1.2909355
1595,1.0637224
1596,2.3629756
1597,1.9165101
1598,0.7418535
1599,0.28949338
1600,0.18411589
1601,-0.19819888
1602,0.18057847
1603,0.7098403
1604,-0.5
1605,2.8686213
1606,2.5401013
1607,-0.1617983
1608,0.69455194
1609,-0.032823205
1610,0.07684296
1611,-0.5
1612,0.5643723
1613,1.401161
1614,1.2701645
1615,1.4357266
1616,-0.5
1617,1.1825658
1618,0.2690528
1619,0.6098089
1620,0.4221263
1621,0.38536763
1622,0.8342302
1623,0.1903435
1624,0.38012385
1625,0.46878326
1626,0.10332763
1627,2.618083
1628,-0.28123412
1629,0.020338237
1630,-0.06597835
1631,0.45762682
1632,-0.012991846
1633,-0.18444031
1634,0.116000235
1635,0.59546185
1636,0.24350464
1637,-0.23503438
1638,0.69795215
1639,0.65897775
1640,-0.16961366
1641,-0.5
1642,0.83827174
1643,2.4042583
1644,0.88245463
1645,1.4785771
1646,0.134485
1647,-0.10295281
1648,0.43975693
1649,1.105633
1650,0.9533665
1651,-0.0732027
1652,-0.5
1653,1.5153973
1654,0.7480502
1655,0.73000956
1656,0.83558893
1657,-0.5
1658,0.6608077
1659,-0.28858572
1660,1.5716629
1661,1.0377134
1662,0.4758185
1663,0.6087632
1664,-0.5
1665,-0.5
1666,0.64997256
1667,1.4557436
1668,-0.27421054
1669,0.7755883
1670,0.23367369
1671,1.0598497
1672,-0.5
1673,1.0051181
1674,3.3772168
1675,0.30015123
1676,-0.18085593
1677,0.85484946
1678,-0.23674041
1679,-0.29218036
1680,1.3939449
1681,0.111750305
1682,0.25291938
1683,2.1077433
1684,0.5321435
1685,0.013630509
1686,-0.5
1687,1.5927916
1688,0.17574966
1689,0.28185797
1690,-0.33116332
1691,0.021086574
1692,0.18455791
1693,0.9906794
1694,-0.18933353
1695,0.3976543
1696,-0.5
1697,0.40214097
1698,-0.17538905
1699,-0.5
1700,-0.19481498
1701,0.044973254
1702,-0.050016463
1703,0.5709145
1704,-0.030957133
1705,-0.19798708
1706,1.2168632
1707,-0.18449774
1708,-0.5
1709,0.031294942
1710,0.5512252
1711,0.12919873
1712,0.51713145
1713,-0.17695674
1714,1.0600965
1715,0.53609896
1716,1.4636781
1717,0.6544746
1718,0.6849787
1719,0.9010922
1720,0.367935
1721,0.65167904
1722,0.494635
1723,0.7678654
1724,0.91601276
1725,1.6012576
1726,0.34273922
1727,0.84319997
1728,0.66227305
1729,0.8182106
1730,1.0021716
1731,2.742537
1732,0.50551224
1733,1.798849
1734,-0.16949314
1735,-0.006004393
1736,0.72828066
1737,0.5447544
1738,0.29271758
1739,2.2665358
1740,-0.18675604
1741,1.5415807
1742,0.21771777
1743,0.89965653
1744,0.11792183
1745,1.0500742
1746,0.6899166
1747,0.7051511
1748,-0.02320832
1749,0.28000242
1750,-0.3676619
1751,0.29332697
1752,-0.5
1753,0.7465067
1754,1.1655853
1755,0.9956608
1756,0.082692266
1757,0.045017183
1758,0.80213416
1759,0.61964166
1760,-0.5
1761,0.38743156
1762,0.057384968
1763,0.45555598
1764,0.6033163
1765,1.2155535
1766,0.29785335
1767,1.7880253
1768,1.2169647
1769,0.6766337
1770,0.15631723
1771,0.006713629
1772,2.3943272
1773,0.43617064
1774,-0.5
1775,0.5124583
1776,-0.21670777
1777,0.15494108
1778,0.9189539
1779,1.8455647
1780,1.35254
1781,0.24355501
1782,2.5120895
1783,0.6159828
1784,-0.016739696
1785,0.12586313
1786,-0.058838785
1787,1.1081302
1788,0.046055257
1789,1.5303547
1790,0.7204548
1791,0.29641348
1792,0.4100991
1793,2.426206
1794,0.5080602
1795,0.8940793
1796,-0.18027973
1797,0.14841044
1798,-0.5
1799,0.3966571
1800,0.14319181
1801,1.2323644
1802,0.40350318
1803,-0.16122347
1804,-0.5
1805,-0.03826964
1806,1.5454912
1807,0.471534
1808,1.2904094
1809,0.3281644
1810,0.3760401
1811,-0.5
1812,0.5109502
1813,-0.24821529
1814,1.2029498
1815,-0.13402969
1816,1.2513201
1817,0.040316463
1818,1.910964
1819,-0.19507164
1820,-0.22865209
1821,0.48805612
1822,2.3007882
1823,-0.5
1824,-0.11292991
1825,1.163226
1826,2.4486678
1827,0.5927001
1828,0.525699
1829,0.11852628
1830,1.783977
1831,1.5204116
1832,0.019236684
1833,-0.13169065
1834,0.5818716
1835,-0.5
1836,-0.13389596
1837,0.4911813
1838,-0.03768325
1839,0.3846404
1840,-0.5
1841,0.44209898
1842,0.7282349
1843,0.34122175
1844,-0.5
1845,0.630092
1846,2.5561497
1847,0.5424354
1848,0.8504971
1849,1.0753667
1850,-0.5
1851,-0.041805625
1852,2.5795898
1853,-0.2503213
1854,0.46469104
1855,2.9246001
1856,2.8617196
1857,1.1498432
1858,0.9338782
1859,1.6259301
1860,-0.5
1861,-0.5
1862,2.2838929
1863,0.62028027
1864,0.6961454
1865,-0.2603735
1866,0.88193977
1867,1.9818376
1868,0.6509367
1869,1.0456734
1870,0.68286014
1871,-0.14104015
1872,0.9870014
1873,0.043147564
1874,2.0417392
1875,-0.5
1876,-0.5
1877,2.1338751
1878,1.2870506
1879,-0.22037143
1880,0.76724374
1881,2.116395
1882,1.837002
1883,0.08563197
1884,1.5301013
1885,0.025916219
1886,1.507941
1887,2.1570344
1888,-0.057107866
1889,0.53996384
1890,-0.2554571
1891,-0.5
1892,0.36301684
1893,0.99196565
1894,0.8553684
1895,2.1296983
1896,0.10358393
1897,1.7177653
1898,0.30114543
1899,-0.14693174
1900,0.10621095
1901,1.9745286
1902,0.9982724
1903,1.1308186
1904,0.60081446
1905,0.20675421
1906,0.027050376
1907,0.9918393
1908,0.4806341
1909,-0.2340619
1910,1.293002
1911,0.9013524
1912,3.1529717
1913,1.1229584
1914,0.15934575
1915,0.06621206
1916,0.4692915
1917,0.047617137
1918,-0.22834569
1919,-0.067269415
1920,0.5628338
1921,0.7399845
1922,1.3336275
1923,0.32951164
1924,-0.5
1925,-0.5
1926,0.34885764
1927,-0.20102775
1928,0.052815557
1929,0.5148926
1930,-0.077477396
1931,0.6488358
1932,0.055963695
1933,-0.006264001
1934,0.8276584
1935,-0.2904438
1936,-0.5
1937,2.5846624
1938,0.6015991
1939,0.7972251
1940,1.6150943
1941,1.9332678
1942,0.2909773
1943,1.0759727
1944,0.36456025
1945,0.70847964
1946,0.40891045
1947,1.6534015
1948,0.6310487
1949,-0.5
1950,0.50174606
1951,1.8326668
1952,-0.06354684
1953,0.43057203
1954,2.176958
1955,0.1457752
1956,-0.19752932
1957,0.06598556
1958,0.031808138
1959,1.7288837
1960,1.8452189
1961,-0.1927945
1962,0.24586928
1963,1.3129213
1964,-0.16901463
1965,1.7114964
1966,-0.009994149
1967,1.1595232
1968,2.3528354
1969,2.5163047
1970,3.488119
1971,0.06944764
1972,0.2590835
1973,1.5409609
1974,0.0959605
1975,-0.5
1976,1.0358857
1977,0.783147
1978,0.43020236
1979,-0.3746869
1980,-0.17973346
1981,0.4296608
1982,0.41770756
1983,-0.17892027
1984,0.87972784
1985,1.1543018
1986,1.1579217
1987,0.15006554
1988,0.5999068
1989,0.4668669
1990,-0.19925079
1991,0.18824774
1992,-0.5
1993,0.63996184
1994,1.0841167
1995,0.24097735
1996,-0.5
1997,0.3785072
1998,0.36587626
1999,0.7542708
2000,1.1446754
2001,0.604753
2002,0.288683
2003,1.9070954
2004,1.1202581
2005,1.209092
2006,-0.19630012
2007,0.60425794
2008,0.98755455
2009,2.8650506
2010,-0.15688634
2011,1.8179467
2012,0.4183892
2013,0.048736036
2014,0.70183396
2015,2.8256462
2016,0.17367208
2017,0.8244821
2018,-0.5
2019,0.84430575
2020,0.26019132
2021,2.206923
2022,0.3841343
2023,1.8262025
2024,0.5273268
2025,1.2448239
2026,0.3757807
2027,0.29325527
2028,-0.19351807
2029,0.40723878
2030,0.05642301
2031,1.2261546
2032,1.3975444
2033,-0.19383287
2034,-0.5
2035,1.6772456
2036,0.9447911
2037,-0.080459654
2038,2.5670674
2039,-0.5
2040,0.6251879
2041,1.8790483
2042,0.9445261
2043,1.0065928
2044,0.40017045
2045,0.62983584
2046,-0.5
2047,1.4229958
2048,1.1611022
2049,-0.26172027
2050,-0.24898714
2051,-0.2707178
2052,0.41110617
2053,0.087984204
2054,0.0012256503
2055,0.58547914
2056,0.25292212
2057,0.4096647
2058,1.6548178
2059,0.66057515
2060,0.11080617
2061,0.92195606
2062,0.073209226
2063,1.2944735
2064,0.7448144
2065,0.9274223
2066,6.0900764
2067,-0.35029978
2068,0.7587508
2069,-0.5
2070,2.597432
2071,1.3436577
2072,0.55553794
2073,-0.20013493
2074,-0.18434888
2075,1.7396584
2076,0.9299109
2077,1.1693307
2078,0.11459744
2079,-0.5
2080,-0.21179295
2081,0.2626152
2082,3.9531612
2083,-0.5
2084,0.38433266
2085,1.3991703
2086,0.9945109
2087,0.36508232
2088,0.6235924
2089,3.492474
2090,0.15450501
2091,0.89640045
2092,0.858335
2093,0.66800857
2094,-0.16108656
2095,0.05567932
2096,1.4433488
2097,0.9478837
2098,0.72797847
2099,0.9305074
2100,-0.26495543
2101,0.54349685
2102,0.13586652
2103,0.6280589
2104,1.1729935
2105,0.10557747
2106,0.88349664
2107,1.6229913
2108,0.25877005
2109,0.11765629
2110,2.1634302
2111,0.014006257
2112,-0.5
2113,-0.05916348
2114,1.4181364
2115,0.53240025
2116,1.539228
2117,0.8556392
2118,-0.27746946
2119,0.60710955
2120,-0.19600582
2121,0.77051055
2122,2.3282254
2123,-0.026132196
2124,0.7080624
2125,0.38980258
2126,0.48845226
2127,2.4271965
2128,1.2495747
2129,1.3887634
2130,0.13088751
2131,1.8191245
2132,2.5476086
2133,1.4339807
2134,0.2845204
2135,0.08596623
2136,0.4514556
2137,0.6271435
2138,0.73822594
2139,3.668075
2140,-0.1503664
2141,0.88237095
2142,0.5380974
2143,-0.08933079
2144,1.3387355
2145,0.40936804
2146,-0.5
2147,0.71506786
2148,-0.29999584
2149,1.8836927
2150,0.33645374
2151,0.9402939
2152,1.753577
2153,0.75202966
2154,0.084276795
2155,1.7101853
2156,1.7926769
2157,-0.051633596
2158,2.0921776
2159,-0.06673756
2160,0.39807522
2161,-0.23835516
2162,0.62330806
2163,2.2311127
2164,0.2005015
2165,1.8393002
2166,-0.18494052
2167,1.4471282
2168,0.48412108
2169,0.4817751
2170,0.8071461
2171,-0.5
2172,-0.063322246
2173,1.394902
2174,0.22708464
2175,0.6759889
2176,-0.058577657
2177,0.50605035
2178,0.50067925
2179,0.093058586
2180,-0.10173255
2181,-0.07567772
2182,-0.19697809
2183,0.6464908
2184,2.0341125
2185,0.57494366
2186,0.6636131
2187,-0.19287127
2188,0.99800193
2189,1.3181348
2190,0.8300743
2191,2.4743922
2192,0.48068696
2193,0.727872
2194,1.5300906
2195,0.6965077
2196,0.48052335
2197,-0.12085158
2198,2.7857203
2199,2.0272155
2200,3.201268
2201,0.21029782
2202,3.4545138
2203,0.20736212
2204,0.9828025
2205,0.21901482
2206,0.75501287
2207,-0.5
2208,0.13672894
2209,1.7355864
2210,1.8057654
2211,3.257157
2212,1.8632069
2213,0.06716967
2214,1.2727959
2215,0.99465287
2216,0.03776884
2217,0.7925979
2218,-0.5
2219,1.9677849
2220,1.7888961
2221,0.7608248
2222,2.3467927
2223,-0.19063026
2224,0.5424838
2225,0.15169275
2226,0.42932653
2227,-0.35344887
2228,1.1910586
2229,1.8581164
2230,0.9395914
2231,1.9671996
2232,0.3711518
2233,0.37351352
2234,4.451446
2235,1.2859662
2236,1.2532612
2237,0.82002854
2238,2.1402597
2239,4.658855
2240,-0.22765452
2241,0.879707
2242,-0.19336605
2243,1.3607271
2244,0.26458
2245,1.141615
2246,-0.5
2247,0.15854234
2248,0.050985396
2249,0.5057492
2250,2.9871788
2251,0.7184417
2252,1.6291996
2253,1.9314165
2254,2.9242952
2255,0.030676007
2256,0.6622299
2257,-0.25114712
2258,1.436525
2259,1.8521614
2260,-0.5
2261,0.12874776
2262,1.321857
2263,0.0061097145
2264,-0.16184846
2265,1.3069373
2266,0.5708771
2267,4.420532
2268,0.13145876
2269,3.401762
2270,0.73135483
2271,1.8366833
2272,0.07535398
2273,0.030625463
2274,-0.13965434
2275,1.609587
2276,0.97039557
2277,2.054658
2278,2.5045757
2279,0.39564407
2280,1.7749293
2281,0.83631134
2282,3.1666179
2283,0.41407925
2284,0.73907685
2285,0.45519155
2286,1.400499
2287,2.7752821
2288,0.9363611
2289,3.8210819
2290,0.6635264
2291,0.66742
2292,-0.20787993
2293,0.7901778
2294,0.34535074
2295,0.05357915
2296,-0.5
2297,-0.11956936
2298,3.8981295
2299,4.9262805
2300,-0.065503776
2301,0.34857118
2302,0.3749075
2303,-0.5
2304,0.046117306
2305,0.18879306
2306,-0.20277953
2307,0.16771352
2308,0.66532874
2309,0.98574114
2310,0.34730113
2311,1.4727604
2312,0.3475715
2313,0.2788236
2314,-0.5
2315,0.038476348
2316,0.8920598
2317,2.1177726
2318,-0.16151905
2319,0.5104475
2320,0.7446201
2321,2.7162938
2322,0.9985664
2323,1.2430528
2324,1.5887332
2325,2.3257248
2326,3.1307368
2327,0.3115794
2328,3.7139134
2329,5.0992627
2330,1.4021623
2331,0.46576518
2332,0.626035
2333,0.49121463
2334,0.74521756
2335,0.97792304
2336,0.47393155
2337,0.74155605
2338,0.57879555
2339,1.4722743
2340,1.244837
2341,1.1417506
2342,3.2463074
2343,1.1730607
2344,1.621206
2345,1.8094587
2346,0.030841768
2347,-0.25339347
2348,0.01937437
2349,1.1618569
2350,2.9360049
2351,2.7029996
2352,2.1177893
2353,2.9152703
2354,1.0080795
2355,1.0384498
2356,1.8155992
2357,3.7502298
2358,0.19551325
2359,1.4377704
2360,2.4993262
2361,-0.095606476
2362,4.0823255
2363,0.52976775
2364,-0.22491795
2365,-0.18284121
2366,0.6741425
2367,0.7289262
2368,-0.5
2369,0.46105552
2370,-0.5
2371,2.022094
2372,0.44402462
2373,1.167994
2374,1.1635809
2375,0.06831038
2376,0.9779314
2377,2.302446
2378,5.779595
2379,0.11218047
2380,2.1784976
2381,-0.5
2382,0.92139494
2383,0.7156117
2384,6.0955133
2385,0.97187376
2386,0.45086968
2387,0.75924456
2388,1.4195834
2389,-0.26078838
2390,0.486506
2391,1.5673132
2392,1.6631346
2393,0.5647085
2394,1.0657523
2395,-0.0025559962
2396,0.6450584
2397,1.6853118
2398,1.2409756
2399,1.1056831
2400,0.5884427
2401,2.48734
2402,1.511816
2403,0.51890445
2404,0.72985125
2405,3.1932843
2406,-0.18581733
2407,0.2345792
2408,2.4397562
2409,1.261921
2410,2.6429632
2411,0.036745787
2412,0.14970762
2413,1.3895662
2414,2.1738858
2415,0.4642492
2416,1.2697614
2417,3.7954988
2418,-0.2779687
2419,1.4931927
2420,0.37377644
2421,0.95567036
2422,4.2042513
2423,1.292501
2424,1.1294256
2425,0.62170744
2426,0.4654708
2427,0.5145974
2428,0.067242205
2429,0.07652509
2430,2.0322611
2431,0.09451693
2432,0.775764
2433,1.8110206
2434,3.2400465
2435,0.06311524
2436,1.7464263
2437,-0.5
2438,2.1645176
2439,0.1183632
2440,2.741293
2441,3.295752
2442,0.88908064
2443,1.5044904
2444,2.1929102
2445,1.1771454
2446,1.9138939
2447,-0.5
2448,1.257725
2449,8.511072
2450,0.80348575
2451,-0.17285043
2452,0.47976637
2453,0.071751475
2454,1.243351
2455,1.5409753
2456,-0.5
2457,-0.15314704
2458,0.59643745
2459,0.038537145
2460,-0.5
2461,-0.19472313
2462,0.4919889
2463,1.545074
2464,0.81086516
2465,-0.14317733
2466,0.8252332
2467,0.068852425
2468,0.10160208
2469,1.5772178
2470,1.4419386
2471,0.12636453
2472,6.702245
2473,0.03636545
2474,1.2797116
2475,0.20110434
2476,-0.00063824654
2477,1.4327363
2478,-0.13179684
2479,-0.01101923
2480,2.5191033
2481,0.67384887
2482,1.1878755
2483,0.34503233
2484,2.2976382
2485,0.10980189
2486,3.2132118
2487,2.7756295
2488,-0.5
2489,0.35790926
2490,1.2835708
2491,1.232187
2492,2.267155
2493,1.568649
2494,4.199197
2495,2.7296207
2496,1.0034776
2497,-0.04745069
2498,0.030155957
2499,2.0467932
2500,0.3999728
2501,1.3400784
2502,0.40409648
2503,0.03769988
2504,2.651766
2505,-0.5
2506,0.10031474
2507,2.041561
2508,1.5445137
2509,0.6830462
2510,2.3140137
2511,1.5728395
2512,1.2583503
2513,-0.21401691
2514,1.6314005
2515,0.75928664
2516,-0.02195242
2517,0.5063329
2518,0.828197
2519,-0.5
2520,0.48938417
2521,0.41874325
2522,2.3741312
2523,2.9689424
2524,-0.18923187
2525,4.526678
2526,0.7749721
2527,0.72415257
2528,-0.16659278
2529,3.8914728
2530,0.1390543
2531,1.8350892
2532,-0.2690664
2533,1.7083206
2534,0.5408082
2535,1.4794185
2536,0.9578854
2537,0.37333477
2538,0.38416892
2539,0.090745926
2540,-0.117526054
2541,-0.12776166
2542,0.6188035
2543,1.064712
2544,3.07922
2545,0.6148193
2546,0.89243674
2547,3.9429011
2548,-0.5
2549,1.6263328
2550,0.7500142
2551,0.44552243
2552,1.4630572
2553,2.8874698
2554,0.50302565
2555,2.096631
2556,0.15587723
2557,0.22585452
2558,1.3978932
2559,2.7725437
2560,2.1242194
2561,0.107628524
2562,3.7371945
2563,0.90341747
2564,0.4074064
2565,0.11740446
2566,-0.23199001
2567,1.3610463
2568,0.48787272
2569,0.79410875
2570,0.35338062
2571,-0.5
2572,-0.5
2573,-0.0901227
2574,1.5974615
2575,0.28680944
2576,1.9615607
2577,0.99757326
2578,0.88349736
2579,1.56283
2580,2.0971355
2581,1.284067
2582,0.038421154
2583,1.5934232
2584,2.870963
2585,0.40995866
2586,-0.5
2587,0.578392
2588,1.8533895
2589,0.35306042
2590,0.8152138
2591,2.828253
2592,1.1596379
2593,1.0748849
2594,1.934237
2595,0.08976859
2596,-0.5
2597,0.27676713
2598,1.0590858
2599,1.6415215
2600,1.8157542
2601,1.9860477
2602,1.7455337
2603,-0.5
2604,0.636551
2605,3.9928799
2606,1.0209835
2607,2.7661085
2608,-0.0144253075
2609,1.1839193
2610,1.3472725
2611,2.057591
2612,0.8423579
2613,3.2262893
2614,0.52454543
2615,-0.1866396
2616,0.4640134
2617,0.70502627
2618,-0.17848521
2619,-0.5
2620,-0.17680883
2621,2.018224
2622,0.23503852
2623,1.265876
2624,0.70278406
2625,3.322958
2626,6.0914106
2627,2.8332376
2628,-0.5
2629,4.9205203
2630,0.7317077
2631,0.556689
2632,0.7368243
2633,0.8361019
2634,4.1728544
2635,0.8893086
2636,4.158807
2637,1.4651982
2638,3.2395449
2639,3.2120934
2640,0.11003673
2641,0.42707098
2642,-0.26851875
2643,0.6788595
2644,2.6559238
2645,1.2157598
2646,2.5679054
2647,-0.35863203
2648,3.7097545
2649,2.5878572
2650,0.104967654
2651,3.3453393
2652,3.0057957
2653,4.519696
2654,1.2996422
2655,1.5124557
2656,0.77653766
2657,-0.16768521
2658,0.81657636
2659,0.11553657
2660,2.9738271
2661,0.12604743
2662,2.3791337
2663,0.048079073
2664,2.7476268
2665,1.2087752
2666,0.8211422
2667,1.7569323
2668,2.3537502
2669,2.6258197
2670,0.29625452
2671,-0.5
2672,0.4931941
2673,3.1026182
2674,0.09535062
2675,1.6967404
2676,0.8415384
2677,1.3887004
2678,-0.30748692
2679,2.9243646
2680,2.4015522
2681,1.4931486
2682,0.13542807
2683,0.08904827
2684,0.13718998
2685,0.13849276
2686,1.8361709
2687,0.64005184
2688,1.1261523
2689,0.68567204
2690,-0.035492003
2691,-0.5430921
2692,-0.21955013
2693,2.8591793
2694,0.91115534
2695,-0.21569091
2696,0.25259936
2697,1.643382
2698,0.102279544
2699,1.1340051
2700,0.88194335
2701,-0.24403942
2702,3.2848897
2703,0.23286545
2704,1.6211843
2705,0.43741965
2706,0.1252414
2707,1.1854352
2708,1.5982709
2709,3.0923316
2710,0.8921542
2711,0.89925313
2712,-0.16052073
2713,2.1439667
2714,1.6570415
2715,3.2184482
2716,0.020353854
2717,0.28205955
2718,0.39835542
2719,-0.08292508
2720,3.2284536
2721,2.6757977
2722,2.2220373
2723,0.7554076
2724,2.4657643
2725,0.028654575
2726,0.9922049
2727,-0.5
2728,0.3453142
2729,0.6284703
2730,1.0681945
2731,0.30952215
2732,3.0450017
2733,-0.087605715
2734,0.65804076
2735,0.80411303
2736,2.915703
2737,1.0266268
2738,2.622009
2739,2.8225987
2740,1.8156049
2741,1.2275056
2742,2.1752253
2743,1.5575271
2744,3.7959743
2745,0.81125224
2746,1.6089277
2747,1.0824813
2748,0.7281655
2749,1.7483263
2750,1.2770617
2751,0.49591506
2752,4.216362
2753,1.1117132
2754,0.5872203
2755,-0.030219555
2756,5.9996433
2757,0.42820454
2758,0.989485
2759,2.3107653
2760,1.328075
2761,0.32572126
2762,1.017566
2763,2.4785116
2764,0.7507962
2765,0.6869887
2766,1.4761513
2767,2.6581023
2768,-0.5
2769,0.2088176
2770,1.0286535
2771,-0.5
2772,0.6466017
2773,0.40649515
2774,-0.5
2775,3.1693053
2776,0.61765075
2777,0.0574829
2778,0.8613162
2779,0.34137064
2780,0.5771878
2781,0.53598917
2782,0.14656293
2783,1.4075059
2784,1.0407089
2785,-0.0499478
2786,0.45682192
2787,0.73329675
2788,0.3672564
2789,4.3037815
2790,1.802145
2791,2.7405338
2792,0.26585162
2793,2.2919412
2794,1.959799
2795,2.3222141
2796,0.24114978
2797,3.680884
2798,1.1967045
2799,1.4137785
2800,-0.18027973
2801,1.9169219
2802,3.529396
2803,1.1641116
2804,0.90781325
2805,2.7453616
2806,2.161839
2807,2.1556387
2808,1.0580511
2809,0.27734995
2810,0.3228475
2811,2.0195093
2812,0.613014
2813,1.2767761
2814,3.0463514
2815,0.60157645
2816,0.51965404
2817,4.682478
2818,1.9167504
2819,0.73315954
2820,1.9162002
2821,0.9726851
2822,-0.5
2823,1.8175352
2824,1.8506781
2825,2.243208
2826,1.6163311
2827,0.17897397
2828,1.8604081
2829,4.289003
2830,0.36076105
2831,2.9682953
2832,1.1435165
2833,2.1041498
2834,1.4675113
2835,1.4087051
2836,1.1759199
2837,1.4770584
2838,2.8054383
2839,0.43406743
2840,-0.15396729
2841,0.68767464
2842,2.8863566
2843,1.2072942
2844,2.4750657
2845,0.15772402
2846,4.635879
2847,1.4958944
2848,0.34666014
2849,0.5131607
2850,2.3083532
2851,0.50555384
2852,3.3932507
2853,1.0531902
2854,-0.5
2855,0.69381976
2856,1.1299794
2857,0.66624224
2858,3.6862597
2859,1.2808557
2860,2.7037492
2861,-0.5
2862,6.6427164
2863,0.47706896
2864,2.3665626
2865,2.673106
2866,3.0191448
2867,1.2358354
2868,4.7146454
2869,0.5184082
2870,7.029004
2871,2.4113631
2872,-0.5
2873,0.24523443
2874,3.6366012
2875,0.13033515
2876,2.3800974
2877,1.3189745
2878,0.10484046
2879,0.96632683
2880,0.59769046
2881,1.6121178
2882,0.68007505
2883,1.3109354
2884,0.3313132
2885,-0.5
2886,2.3835495
2887,3.13397
2888,-0.18074721
2889,-0.15043133
2890,0.0057323575
2891,0.41192472
2892,2.8391278
2893,1.0755117
2894,0.89007485
2895,-0.17229375
2896,1.1688073
2897,3.5398932
2898,1.195446
2899,0.79087114
2900,0.5757301
2901,0.15320039
2902,2.8447628
2903,5.2881036
2904,0.95400596
2905,-0.20327288
2906,0.7608973
2907,0.39625287
2908,0.006251693
2909,2.2309833
2910,2.296784
2911,1.2204671
2912,-0.030178875
2913,1.4142698
2914,0.06820941
2915,0.059770107
2916,5.8221574
2917,5.640089
2918,-0.2910029
2919,0.2555803
2920,-0.19277495
2921,-0.21201006
2922,2.3094254
2923,0.042560816
2924,1.5215867
2925,1.4882845
2926,3.0833488
2927,4.5780864
2928,0.5676614
2929,5.262881
2930,0.87756455
2931,3.7115116
2932,4.791686
2933,0.77445877
2934,13.859925
2935,1.6859732
2936,0.3912698
2937,0.88346744
2938,2.5182655
2939,1.6729479
2940,0.7452984
2941,0.19857681
2942,3.0329514
2943,0.6726483
2944,3.2744398
2945,2.7916727
2946,1.4761467
2947,1.346712
2948,2.6155636
2949,1.043071
2950,1.3209057
2951,0.14471138
2952,2.1310904
2953,2.9947934
2954,1.7682061
2955,1.6163423
2956,5.9622297
2957,2.349422
2958,2.5910194
2959,2.5664544
2960,0.85301507
2961,2.0032167
2962,0.15142095
2963,0.74249756
2964,0.15816331
2965,1.0969514
2966,-0.18853673
2967,2.1019416
2968,3.477325
2969,-0.17876863
2970,0.012855411
2971,2.0691957
2972,1.6258633
2973,3.5837998
2974,1.6602287
2975,4.9841475
2976,0.7830268
2977,0.2306161
2978,0.7022424
2979,8.535377
2980,1.5768151
2981,2.6703973
2982,0.7037394
2983,1.9607196
2984,6.904012
2985,2.9708655
2986,1.0303261
2987,5.205494
2988,3.8840065
2989,0.5379133
2990,0.5362996
2991,0.8415791
2992,1.072314
2993,1.1748737
2994,2.0740397
2995,1.1715298
2996,4.877571
2997,1.5108867
2998,1.5772939
2999,0.020353556
3000,0.9134724
3001,0.65212107
3002,1.4546227
3003,0.7075863
3004,7.858469
3005,1.617168
3006,0.6745974
3007,8.608641
3008,0.14754105
3009,1.5525703
3010,0.63380456
3011,3.3156774
3012,0.9653324
3013,0.8637395
3014,0.36239624
3015,3.6422796
3016,0.714803
3017,1.0409127
3018,0.4075902
3019,1.8119692
3020,1.6734388
3021,2.9407592
3022,2.7771213
3023,0.5247865
3024,0.79868937
3025,0.8095434
3026,2.3126557
3027,0.47261727
3028,10.095806
3029,4.244445
3030,5.2496157
3031,1.0251764
3032,0.26997828
3033,1.6861501
3034,-0.16938668
3035,6.2122574
3036,1.1848533
3037,0.2532568
3038,4.9525967
3039,0.46416545
3040,1.2441452
3041,3.1467106
3042,1.0814441
3043,0.6595614
3044,1.1912763
3045,1.601806
3046,6.507008
3047,0.15117806
3048,1.3888636
3049,1.9296236
3050,0.48084748
3051,-0.16912422
3052,1.2963074
3053,0.5756767
3054,0.90956664
3055,0.103666306
3056,1.3254378
3057,2.2950633
3058,0.33431613
3059,0.9851521
3060,0.4591775
3061,1.2222228
3062,3.311847
3063,6.3997025
3064,1.5672362
3065,5.592112
3066,1.7629323
3067,-0.30027905
3068,2.1739154
3069,0.018933237
3070,4.0235925
3071,1.647923
3072,1.9444828
3073,-0.17779723
3074,1.9464331
3075,3.3226628
3076,1.1218497
3077,0.072229385
3078,1.7829341
3079,0.97242033
3080,0.32455707
3081,0.12827897
3082,2.5480568
3083,-0.043712974
3084,3.9553895
3085,1.1531538
3086,3.7774901
3087,0.60533464
3088,1.7586157
3089,0.1356548
3090,1.2711039
3091,0.5035862
3092,0.9665617
3093,0.08839923
3094,0.022574186
3095,6.9444714
3096,2.5638156
3097,1.3673761
3098,7.6326065
3099,2.016437
3100,2.0197
3101,0.5672041
3102,3.5374398
3103,1.151753
3104,2.4750924
3105,4.5175047
3106,0.71261716
3107,3.6284533
3108,4.3870306
3109,0.46111745
3110,0.13863754
3111,0.7503984
3112,0.16279685
3113,0.11353141
3114,2.0193803
3115,0.9444585
3116,1.0408418
3117,2.0968409
3118,1.3290887
3119,1.6854196
3120,0.17431283
3121,0.057599068
3122,-0.039394736
3123,4.6294565
3124,7.852419
3125,6.3728604
3126,0.53180707
3127,0.38269532
3128,0.2173608
3129,2.103825
3130,8.418415
3131,1.1690016
3132,-0.22871655
3133,1.1492946
3134,0.4209252
3135,0.80746925
3136,-0.19678831
3137,5.3276377
3138,5.5854826
3139,3.3388002
3140,5.3701706
3141,3.8662508
3142,1.9097102
3143,7.4276557
3144,1.6628737
3145,3.023226
3146,0.91451824
3147,0.7799221
3148,3.2668896
3149,2.8442836
3150,3.4484432
3151,3.8668847
3152,-0.5
3153,1.8621888
3154,1.4944422
3155,0.33716416
3156,2.7751288
3157,0.78347147
3158,5.124525
3159,5.0070276
3160,4.251053
3161,0.9456459
3162,0.68170404
3163,1.0378095
3164,0.065442085
3165,-0.011452168
3166,3.1385465
3167,3.352322
3168,1.9567094
3169,2.9823296
3170,0.5181831
3171,3.2424438
3172,2.494569
3173,3.8591256
3174,1.6452062
3175,0.36943483
3176,1.2660341
3177,1.0235058
3178,0.952453
3179,6.203575
3180,1.6135528
3181,3.3843133
3182,4.104873
3183,9.306067
3184,6.2229548
3185,2.9846208
3186,0.10857928
3187,0.14384872
3188,10.614092
3189,6.005703
3190,1.4306166
3191,0.32313186
3192,2.7460332
3193,1.5271628
3194,1.8205752
3195,0.48777127
3196,3.436697
3197,0.1281429
3198,3.2849376
3199,5.0507183
3200,1.9555793
3201,2.192564
3202,1.3431151
3203,2.6801162
3204,5.8903017
3205,0.44663942
3206,0.091305494
3207,0.4738285
3208,1.9059429
3209,4.917451
3210,0.52657866
3211,1.8652401
3212,2.230861
3213,0.11097586
3214,-0.25074607
3215,0.18383396
3216,0.3011651
3217,7.471463
3218,1.8400877
3219,1.8394855
3220,3.7955594
3221,1.6083264
3222,0.9612086
3223,9.365909
3224,3.2846344
3225,2.7488377
3226,9.472012
3227,0.29719752
3228,0.89744616
3229,5.972464
3230,6.813734
3231,0.6654978
3232,0.05848348
3233,1.0768094
3234,7.3033733
3235,4.9339046
3236,-0.076013
3237,2.8909602
3238,-0.30656034
3239,2.220417
3240,1.8119218
3241,0.15946662
3242,2.055609
3243,0.33834684
3244,1.2555667
3245,2.209042
3246,3.1851668
3247,-0.24566859
3248,-0.13331646
3249,2.9297042
3250,2.9199479
3251,1.910058
3252,2.2131329
3253,1.6928697
3254,0.53346074
3255,1.2794484
3256,1.917254
3257,3.5156932
3258,2.423657
3259,0.026801825
3260,4.269485
3261,1.3780093
3262,1.4805489
3263,4.900411
3264,3.1178625
3265,1.6521509
3266,0.5038103
3267,0.85497046
3268,1.3450104
3269,3.4192364
3270,-0.39593834
3271,-0.044851184
3272,2.412704
3273,2.8089414
3274,4.353977
3275,2.0925283
3276,0.43021095
3277,3.3120606
3278,4.8333545
3279,0.5748584
3280,1.006319
3281,4.855581
3282,6.1991854
3283,2.9154081
3284,-0.06200236
3285,0.81310046
3286,0.82415986
3287,1.6316533
3288,2.7764456
3289,3.0508306
3290,3.628767
3291,0.32825285
3292,2.0981026
3293,2.20341
3294,0.030807734
3295,6.008688
3296,1.3659768
3297,1.8515755
3298,0.83856964
3299,3.6651554
3300,0.6154815
3301,2.44334
3302,4.6930017
3303,0.2844739
3304,2.7625318
3305,5.824514
3306,0.94054675
3307,11.866034
3308,0.5397922
3309,2.9329114
3310,5.545336
3311,1.7465787
3312,6.953086
3313,2.557834
3314,4.649578
3315,0.5478041
3316,0.04430157
3317,3.0677407
3318,4.3484807
3319,3.3733027
3320,0.15243465
3321,3.7100573
3322,2.776973
3323,1.6420617
3324,-0.5
3325,3.4069932
3326,2.1260474
3327,0.6010517
3328,1.4439039
3329,0.8009393
3330,3.8316483
3331,4.441408
3332,0.7289814
3333,2.9151711
3334,1.015306
3335,2.6895018
3336,6.3952646
3337,4.1691847
3338,4.4207144
3339,0.9402708
3340,2.506761
3341,8.021055
3342,4.7820983
3343,3.2188148
3344,1.2453021
3345,3.8855376
3346,1.5520873
3347,3.826892
3348,6.415286
3349,1.7554352
3350,11.227479
3351,2.9520912
3352,0.034253478
3353,2.2928483
3354,5.629457
3355,1.9459643
3356,4.107313
3357,2.162387
3358,8.387957
3359,0.38673264
3360,3.4865694
3361,0.522568
3362,-0.16161472
3363,-0.028675467
3364,9.366017
3365,2.3034363
3366,1.9678802
3367,1.6341704
3368,-0.16045743
3369,5.5987697
3370,3.3445606
3371,6.85169
3372,4.026565
3373,4.965943
3374,5.8026986
3375,2.4141982
3376,2.2302158
3377,6.1767507
3378,3.0742295
3379,1.4592186
3380,1.3681145
3381,1.1555237
3382,6.609791
3383,0.55578077
3384,1.1299357
3385,5.470568
3386,0.3267389
3387,2.4929395
3388,0.4279257
3389,2.952619
3390,3.5758948
3391,6.4305625
3392,1.3311546
3393,6.5242434
3394,0.061811566
3395,3.5993824
3396,1.5744405
3397,2.0049894
3398,1.3681958
3399,4.2216325
3400,0.8717886
3401,-0.07556775
3402,0.58467174
3403,1.1230083
3404,0.29570794
3405,0.13975555
3406,2.0494757
3407,0.12676764
3408,2.9929855
3409,3.3786073
3410,4.5266247
3411,1.3035581
3412,9.963911
3413,0.31596524
3414,7.5062838
3415,0.32784492
3416,6.2579627
3417,5.985855
3418,0.99850774
3419,1.8380967
3420,1.4878068
3421,1.3785238
3422,4.6679497
3423,2.875187
3424,2.0821126
3425,0.2193315
3426,6.9555254
3427,3.1896641
3428,1.3880906
3429,0.032456875
3430,2.96064
3431,3.7005668
3432,1.3277867
3433,0.6536796
3434,1.6371763
3435,1.769084
3436,1.1473666
3437,6.8583684
3438,2.5555186
3439,0.06279218
3440,0.56184745
3441,3.9652772
3442,0.08355498
3443,-0.16694155
3444,3.678854
3445,5.9113846
3446,-0.04304585
3447,4.232807
3448,1.4761397
3449,2.7819169
3450,1.6880159
3451,5.1224833
3452,4.71312
3453,3.1202557
3454,6.0408077
3455,3.3128898
3456,2.2247877
3457,0.7662194
3458,1.9554408
3459,8.021039
3460,0.81084466
3461,0.1375497
3462,5.659241
3463,-0.23192492
3464,5.208224
3465,3.8626027
3466,4.7370405
3467,1.0816934
3468,4.815058
3469,4.989342
3470,1.7570252
3471,4.87682
3472,2.0745273
3473,-0.14544344
3474,2.1753523
3475,-0.122376144
3476,3.684414
3477,0.15811318
3478,2.7919996
3479,5.450974
3480,2.0134706
3481,0.38054425
3482,4.048518
3483,2.2361639
3484,2.3987591
3485,2.7738743
3486,5.5923176
3487,0.57934856
3488,1.0383955
3489,0.0728696
3490,0.1449793
3491,4.679444
3492,0.36020422
3493,1.4102777
3494,9.823568
3495,5.1294107
3496,3.6112695
3497,4.967414
3498,2.1058884
3499,2.659151
3500,2.0209305
3501,10.321054
3502,4.946507
3503,3.5948033
3504,-0.22178069
3505,1.9476323
3506,6.311325
3507,4.1151657
3508,0.7565106
3509,7.8974514
3510,4.8286943
3511,5.258833
3512,6.982514
3513,0.764168
3514,8.801079
3515,-0.2828478
3516,6.731857
3517,6.9407086
3518,2.7177727
3519,13.848066
3520,4.433344
3521,0.5109786
3522,1.8355284
3523,4.6306973
3524,0.80377996
3525,3.0293198
3526,11.05171
3527,12.060278
3528,0.13235414
3529,1.5311856
3530,-0.5
3531,1.3671786
3532,4.1592746
3533,2.318137
3534,3.6453395
3535,1.9195893
3536,2.0519326
3537,1.7469454
3538,1.4326333
3539,1.0043143
3540,1.7466459
3541,1.5006707
3542,-0.19526014
3543,1.442492
3544,0.43752646
3545,4.58449
3546,0.40527105
3547,3.2847073
3548,7.158359
3549,10.374413
3550,5.7746415
3551,1.6802952
3552,21.944574
3553,2.1439695
3554,10.255221
3555,0.4776516
3556,1.71848
3557,7.5555763
3558,4.891501
3559,7.4973745
3560,1.922271
3561,2.6352563
3562,4.550264
3563,2.3667648
3564,6.9750443
3565,6.315651
3566,0.5108634
3567,3.247538
3568,2.4940393
3569,5.3882456
3570,4.4836245
3571,2.8093796
3572,4.6200213
3573,11.769218
3574,-0.061541915
3575,2.2448144
3576,1.6524289
3577,-0.23303834
3578,3.0736575
3579,0.7406632
3580,0.40375423
3581,3.2298875
3582,1.5999057
3583,1.9252136
3584,4.1210165
3585,8.473656
3586,1.8915565
3587,4.0754375
3588,0.051059783
3589,0.73087645
3590,1.5218699
3591,1.7507169
3592,1.1958017
3593,0.17603612
3594,0.2734887
3595,1.6934717
3596,11.597601
3597,1.814677
3598,9.872239
3599,0.73858905
3600,2.4698172
3601,3.0067368
3602,4.730092
3603,1.9874411
3604,2.306562
3605,1.301642
3606,3.6253443
3607,11.876158
3608,3.8612728
3609,6.6899447
3610,7.1265903
3611,1.6531909
3612,1.0129004
3613,2.3974447
3614,3.1056263
3615,2.1314917
3616,16.205948
3617,3.8933234
3618,3.281021
3619,4.949455
3620,0.52965033
3621,2.258993
3622,5.929777
3623,5.115348
3624,6.6561685
3625,5.4710865
3626,3.1374543
3627,1.0703615
3628,4.0259204
3629,5.411743
3630,0.6717253
3631,4.5165186
3632,1.094222
3633,9.248832
3634,5.792475
3635,2.7243443
3636,2.2324727
3637,-0.1652587
3638,0.9149772
3639,7.9193697
3640,3.774434
3641,2.4207501
3642,1.6500614
3643,1.4981296
3644,9.853304
3645,12.228963
3646,0.22392452
3647,5.4017386
3648,3.469
3649,9.506233
3650,8.264517
3651,4.6091413
3652,0.9803674
3653,6.490591
3654,4.1795735
3655,4.5553026
3656,1.4298458
3657,4.099884
3658,2.1910944
3659,0.4900536
3660,2.2329416
3661,3.981312
3662,0.8404077
3663,9.606427
3664,7.1393685
3665,1.834843
3666,14.187456
3667,4.982241
3668,1.1203293
3669,3.6903858
3670,6.5120344
3671,2.3902457
3672,4.546968
3673,10.234432
3674,8.516735
3675,0.49076176
3676,0.54270005
3677,0.23085868
3678,1.3376126
3679,-0.17037266
3680,1.7089846
3681,5.644432
3682,3.1644495
3683,5.8553667
3684,1.3616648
3685,0.07905471
3686,-0.2828888
3687,2.3662882
3688,4.6612554
3689,13.749013
3690,3.409942
3691,4.095557
3692,10.215776
3693,0.75579226
3694,0.64881456
3695,2.0162609
3696,1.1266799
3697,2.559938
3698,9.042616
3699,1.3058338
3700,5.6888075
3701,7.3476753
3702,4.554864
3703,5.8535337
3704,0.6388918
3705,1.813323
3706,4.9782386
3707,2.6621332
3708,5.6265554
3709,1.6067641
3710,10.635218
3711,0.28922284
3712,1.0812714
3713,4.8683977
3714,5.026895
3715,4.473008
3716,6.1914907
3717,0.10077077
3718,3.4803119
3719,5.2339697
3720,3.8175502
3721,5.018939
3722,4.3348885
3723,2.5812566
3724,2.728279
3725,1.8821988
3726,2.5828073
3727,1.0874116
3728,13.2643795
3729,3.9628224
3730,3.5662665
3731,3.7543035
3732,4.972801
3733,1.7461624
3734,0.4277001
3735,2.3708844
3736,0.76904523
3737,1.3578737
3738,2.4784353
3739,1.0185528
3740,4.4167147
3741,1.885221
3742,-0.0094536245
3743,2.0764732
3744,8.215107
3745,4.634098
3746,14.39494
3747,1.0713342
3748,0.6918695
3749,4.166806
3750,0.6681721
3751,13.355472
3752,3.209833
3753,0.75766706
3754,1.985681
3755,4.144555
3756,6.0492134
3757,3.3045108
3758,0.39871848
3759,2.5936599
3760,2.8659997
3761,14.419082
3762,20.742996
3763,1.2361146
3764,12.323626
3765,1.406693
3766,1.7458801
3767,3.4704943
3768,8.083869
3769,9.206161
3770,5.908608
3771,2.6802826
3772,9.70345
3773,3.9319997
3774,3.4113119
3775,15.802404
3776,2.4878368
3777,6.4534993
3778,1.9531136
3779,5.5853753
3780,8.521669
3781,1.3211275
3782,1.0664841
3783,3.0023696
3784,3.6061754
3785,3.4917557
3786,12.198462
3787,2.8295436
3788,0.52431417
3789,-0.5
3790,9.184573
3791,0.3721671
3792,3.5494971
3793,11.561976
3794,11.708541
3795,-0.22276598
3796,0.5723554
3797,1.510941
3798,1.4128909
3799,6.0199776
3800,6.072787
3801,1.939152
3802,8.69508
3803,2.1389947
3804,0.87732255
3805,5.148756
3806,2.4352663
3807,3.756609
3808,5.130219
3809,8.97728
3810,3.1967232
3811,16.33342
3812,-0.1889759
3813,1.8834682
3814,15.509169
3815,2.46
3816,10.050646
3817,1.8032198
3818,1.1808261
3819,0.4068312
3820,4.040453
3821,3.5336838
3822,3.4384842
3823,11.459919
3824,26.355736
3825,2.762118
3826,1.5658145
3827,0.5233375
3828,1.5166947
3829,7.4194183
3830,0.7981049
3831,3.65414
3832,-0.071101785
3833,3.8438993
3834,3.3892615
3835,0.6696985
3836,5.7916617
3837,0.35215676
3838,0.77247155
3839,1.8132656
3840,-0.5
3841,3.2095773
3842,1.0962077
3843,9.848489
3844,7.535305
3845,2.1641686
3846,7.769264
3847,7.424264
3848,0.20469713
3849,2.6539419
3850,3.1607907
3851,1.0790436
3852,5.636272
3853,4.789863
3854,1.770324
3855,7.031499
3856,3.7231832
3857,8.234842
3858,4.805004
3859,3.1496243
3860,1.0862048
3861,6.1837234
3862,3.4875305
3863,5.2125993
3864,10.843789
3865,9.219401
3866,4.1134534
3867,7.2956977
3868,2.2045505
3869,6.8420887
3870,10.604327
3871,2.6565883
3872,2.0167341
3873,4.9756145
3874,4.583069
3875,0.2572543
3876,1.6119779
3877,4.4911394
3878,1.7528768
3879,3.1265914
3880,4.173469
3881,1.1732228
3882,8.145083
3883,7.724539
3884,7.186405
3885,5.770844
3886,4.2954965
3887,4.6167264
3888,12.691356
3889,1.9821653
3890,13.482661
3891,1.2648194
3892,0.47405827
3893,2.2460887
3894,7.4690394
3895,3.6515505
3896,0.9824805
3897,3.4473052
3898,3.369983
3899,38.89772
3900,10.764171
3901,3.60528
3902,3.5375452
3903,2.0371022
3904,2.912309
3905,6.4071474
3906,4.046621
3907,10.568825
3908,3.3946204
3909,0.17547113
3910,3.7298832
3911,8.170534
3912,2.6351578
3913,6.4993706
3914,2.2215161
3915,1.9835906
3916,0.12739062
3917,9.047337
3918,0.34382463
3919,2.7964838
3920,8.069381
3921,-0.025560617
3922,4.9279175
3923,0.03644371
3924,8.974079
3925,0.8895941
3926,1.0850698
3927,5.126762
3928,2.4398952
3929,3.8405876
3930,17.910145
3931,4.79813
3932,5.3809447
3933,14.648217
3934,3.6115103
3935,11.567257
3936,4.877111
3937,1.5412157
3938,9.510095
3939,4.913143
3940,6.2128563
3941,3.2085874
3942,14.42843
3943,-0.010794073
3944,1.5465373
3945,1.6097376
3946,3.0656004
3947,4.0172005
3948,1.4289694
3949,7.563547
3950,14.607576
3951,1.4930065
3952,5.701036
3953,21.113703
3954,3.7954936
3955,11.30928
3956,0.5541229
3957,4.466174
3958,6.061126
3959,13.525327
3960,3.1602662
3961,3.6672273
3962,7.529582
3963,0.55212414
3964,6.099465
3965,5.7792954
3966,2.9920385
3967,3.167379
3968,4.906059
3969,1.0434617
3970,12.907137
3971,3.2200227
3972,8.9225855
3973,7.8985634
3974,-0.014287591
3975,17.833858
3976,8.3131485
3977,6.8777423
3978,1.0548259
3979,4.4710927
3980,9.193645
3981,16.890745
3982,7.0222626
3983,11.168514
3984,7.368931
3985,2.689261
3986,5.2763267
3987,0.437998
3988,9.078047
3989,2.028482
3990,8.628393
3991,2.2937698
3992,0.8908918
3993,-0.07559404
3994,10.514795
3995,24.386316
3996,11.279505
3997,22.545681
3998,8.887365
3999,1.0593338
4000,0.13545775
4001,-0.1550749
4002,26.572495
4003,6.8720284
4004,1.3940958
4005,-0.2091094
4006,3.1873386
4007,1.5156436
4008,6.439306
4009,4.6361227
4010,3.3861198
4011,2.1024926
4012,2.0039332
4013,10.1144
4014,0.6971526
4015,6.7668223
4016,1.3430533
4017,15.929438
4018,0.05574888
4019,1.9656081
4020,2.2598636
4021,7.519582
4022,0.41781414
4023,7.442972
4024,3.2854207
4025,1.8741589
4026,8.827988
4027,0.1958831
4028,7.48853
4029,8.522084
4030,6.1258116
4031,6.897811
4032,5.5260196
4033,13.458035
4034,6.3671026
4035,3.0401225
4036,6.5298996
4037,4.9730344
4038,10.951477
4039,13.231665
4040,0.5261544
4041,6.7612276
4042,5.170714
4043,5.483118
4044,6.177824
4045,6.6145043
4046,0.138367
4047,7.4622273
4048,17.357964
4049,7.4337697
4050,7.0544434
4051,3.6396847
4052,17.090075
4053,2.9921098
4054,4.457122
4055,12.109688
4056,8.535837
4057,2.3898458
4058,0.20390302
4059,5.7986946
4060,0.34232736
4061,7.729412
4062,0.6162511
4063,21.274176
4064,4.1048727
4065,16.007036
4066,10.299972
4067,12.055352
4068,3.442778
4069,11.569352
4070,4.3744435
4071,2.338279
4072,1.3444722
4073,28.541363
4074,2.040278
4075,9.426956
4076,34.285408
4077,6.0413055
4078,11.549784
4079,17.569721
4080,5.5541697
4081,7.6486845
4082,9.233734
4083,9.28768
4084,23.980349
4085,16.553753
4086,12.585728
4087,0.045175433
4088,3.7513833
4089,17.41301
4090,3.1705406
4091,2.5865161
4092,5.328914
4093,19.685299
4094,1.9439554
4095,12.544736
4096,5.258396
4097,23.329842
4098,1.6149962
4099,6.7486954
4100,6.0165353
4101,10.415977
4102,8.277884
4103,13.298737
4104,11.526001
4105,8.285383
4106,1.6032236
4107,4.4287434
4108,8.761203
4109,6.0559154
4110,13.978448
4111,5.7855453
4112,9.354338
4113,8.229746
4114,17.087763
4115,1.2974026
4116,11.930248
4117,12.5268345
4118,16.389545
4119,5.687913
4120,11.796821
4121,0.8967792
4122,7.160941
4123,9.976004
4124,6.267876
4125,18.943848
4126,0.78500956
4127,6.6318746
4128,5.118736
4129,0.19964421
4130,3.5888276
4131,9.399459
4132,16.716692
4133,37.212475
4134,8.501289
4135,0.16227853
4136,19.10385
4137,36.35496
4138,14.08413
4139,21.479237
4140,3.949934
4141,19.2423
4142,25.944923
4143,2.1875124
4144,6.05221
4145,16.912819
4146,26.42995
4147,9.124383
4148,9.822409
4149,10.326988
4150,6.537994
4151,-0.5
4152,16.950016
4153,7.6990557
4154,17.078959
4155,1.3937001
4156,11.017601
4157,6.7978277
4158,3.2871447
4159,14.287743
4160,5.0118985
4161,11.031883
4162,34.651
4163,40.70726
4164,7.1754465
4165,6.85843
4166,14.608822
4167,36.901253
4168,22.100813
4169,17.107231
4170,12.647188
4171,9.6754
4172,6.306901
4173,22.913013
4174,17.766611
4175,13.486391
4176,5.6038775
4177,16.075651
4178,4.131735
4179,51.38821
4180,4.9536295
4181,0.90228915
4182,21.544733
4183,9.963802
4184,0.46135128
4185,15.481111
4186,29.798668
4187,3.3924317
4188,8.512779
4189,7.9704885
4190,30.039768
4191,16.778364
4192,11.998965
4193,8.769879
4194,8.381558
4195,39.395123
4196,16.258814
4197,5.2004604
4198,0.32250208
4199,5.6949058
4200,11.987
4201,32.71882
4202,4.4037485
4203,4.2219167
4204,28.227594
4205,7.226004
4206,7.5537157
4207,19.748358
4208,9.671041
4209,9.936804
4210,8.256735
4211,26.714018
4212,0.7907481
4213,23.887798
4214,4.998766
4215,2.7499135
4216,10.533676
4217,11.204372
4218,2.482537
4219,1.9371942
4220,10.452485
4221,9.4147625
4222,3.9891
4223,14.818736
4224,29.098722
4225,4.0201783
4226,21.466206
4227,14.458799
4228,16.327171
4229,12.503626
4230,11.155492
4231,18.048325
4232,16.187023
4233,20.12407
4234,-0.5
4235,3.9147305
4236,30.644228
4237,9.7176485
4238,13.392355
4239,2.4279196
4240,39.787907
4241,39.032185
4242,6.6377573
4243,6.0268536
4244,19.138308
4245,13.1112385
4246,22.919024
4247,10.542191
4248,21.78919
4249,8.936671
4250,9.278318
4251,7.994363
4252,38.65327
4253,5.4895015
4254,21.011831
4255,25.689156
4256,16.278214
4257,62.74182
4258,1.363854
4259,21.86549
4260,3.1794555
4261,3.1686847
4262,4.0422673
4263,4.7167993
4264,1.5030413
4265,57.017044
4266,7.705616
4267,7.252742
4268,17.04932
4269,18.48529
4270,14.463453
4271,20.80077
4272,23.581484
4273,1.3963463
4274,7.015828
4275,16.662203
4276,7.766409
4277,5.278807
4278,4.573927
4279,41.016647
4280,7.391839
4281,11.835
4282,20.022291
4283,10.564779
4284,8.749783
4285,2.3161056
4286,28.92791
4287,6.733936
4288,4.764623
4289,8.761616
4290,2.5630252
4291,5.8379965
4292,30.054329
4293,2.6442845
4294,-0.32632
4295,15.108259
4296,12.448578
4297,10.864254
4298,28.891014
4299,7.558297
4300,7.5100393
4301,31.867802
4302,55.64458
4303,21.002693
4304,11.656333
4305,13.865412
4306,48.269543
4307,2.5138543
4308,25.962688
4309,4.149712
4310,7.998024
4311,5.7888703
4312,2.9083686
4313,9.695904
4314,5.4379206
4315,9.635376
4316,12.524231
4317,4.0114646
4318,16.293304
4319,27.24783
4320,0.038241982
4321,22.024837
4322,4.71621
4323,22.962944
4324,23.10604
4325,17.491854
4326,2.4997106
4327,21.741398
4328,18.833717
4329,7.5115566
4330,32.609207
4331,19.301243
4332,3.2726903
4333,16.379639
4334,9.145574
4335,2.1768608
4336,33.687706
4337,21.265396
4338,9.70184
4339,15.054916
4340,9.159417
4341,68.006454
4342,12.140323
4343,36.814285
4344,14.965541
4345,6.6848984
4346,13.500841
4347,7.891657
4348,6.565776
4349,-0.11024395
4350,16.366999
4351,6.62011
4352,11.783338
4353,18.593122
4354,28.433857
4355,20.475645
4356,0.010125995
4357,10.775847
4358,2.3184948
4359,25.035532
4360,9.13174
4361,0.78341913
4362,28.880405
4363,18.272154
4364,57.97674
4365,4.7016625
4366,37.669106
4367,4.6073112
4368,15.175147
4369,2.4144177
4370,19.407223
4371,17.092009
4372,13.372423
4373,16.466381
4374,5.790573
4375,18.193813
4376,15.355861
4377,7.7526217
4378,3.0574698
4379,36.573055
4380,13.181889
4381,15.814013
4382,2.9554138
4383,52.0478
4384,33.556133
4385,6.9708447
4386,31.6125
4387,15.259869
4388,8.112425
4389,21.498144
4390,12.896241
4391,22.449331
4392,44.686657
4393,9.4061165
4394,11.897605
4395,24.128883
4396,13.38721
4397,0.6085334
4398,8.2746105
4399,17.041424
4400,29.242224
4401,0.5394752
4402,19.883162
4403,41.09053
4404,17.243805
4405,20.441753
4406,21.89066
4407,24.216925
4408,13.864803
4409,88.20419
4410,6.7984815
4411,22.487143
4412,21.053116
4413,16.09654
4414,8.596251
4415,7.2484365
4416,31.222898
4417,0.27931625
4418,42.26621
4419,26.820763
4420,12.444215
4421,6.666058
4422,24.424921
4423,8.509697
4424,49.765446
4425,22.966106
4426,7.4734087
4427,27.705446
4428,54.37339
4429,21.317038
4430,6.1707764
4431,11.383099
4432,0.7943406
4433,10.005332
4434,7.1194015
4435,3.219844
4436,25.886421
4437,31.17428
4438,33.86055
4439,51.688442
4440,29.796593
4441,72.78329
4442,7.333746
4443,0.059225738
4444,17.284023
4445,21.270802
4446,1.6760757
4447,31.814472
4448,21.185875
4449,30.458914
4450,30.754608
4451,15.381526
4452,19.469221
4453,25.36185
4454,25.77804
4455,26.441105
4456,59.062828
4457,20.289686
4458,7.760704
4459,53.142677
4460,22.299519
4461,33.42391
4462,64.9762
4463,36.231224
4464,9.848442
4465,19.435009
4466,55.66843
4467,0.038045824
4468,49.379517
4469,4.4449577
4470,15.131521
4471,8.90151
4472,17.790133
4473,35.464176
4474,84.54166
4475,30.023506
4476,52.910347
4477,7.9850388
4478,57.3
4479,44.845284
4480,31.491983
4481,28.697765
4482,32.03603
4483,46.514793
4484,33.061146
4485,98.31341
4486,51.02947
4487,22.252337
4488,40.161453
4489,29.739609
4490,48.757954
4491,47.377724
4492,9.709873
4493,35.878883
4494,19.692204
4495,31.822762
4496,39.386337
4497,31.067928
4498,33.66745
4499,51.257084
4500,23.972036
4501,44.6361
4502,81.367004
4503,28.865765
4504,14.933414
4505,7.423229
4506,8.123239
4507,3.6946583
4508,42.808266
4509,17.616596
4510,31.695526
4511,51.707653
4512,45.94906
4513,92.20442
4514,-0.5
4515,0.72393274
4516,55.580906
4517,51.545074
4518,24.0179
4519,1.815517
4520,66.741974
4521,25.009789
4522,6.3596087
4523,23.921255
4524,0.42437
4525,47.173737
4526,34.611267
4527,48.283176
4528,19.515875
4529,4.8275824
4530,47.25554
4531,44.52476
4532,48.952576
4533,14.753883
4534,41.894512
4535,28.951883
4536,18.928062
4537,46.36683
4538,38.519577
4539,19.48023
4540,71.43404
4541,64.50142
4542,21.594751
4543,29.949463
4544,0.42210472
4545,12.49409
4546,1.6605563
4547,21.515942
4548,47.4256
4549,75.863205
4550,19.902588
4551,11.827889
4552,38.198555
4553,33.48912
4554,18.059643
4555,58.53234
4556,70.29253
4557,25.968182
4558,41.163296
4559,34.644775
4560,42.5082
4561,4.6840696
4562,87.61087
4563,17.21013
4564,50.192562
4565,72.28833
4566,24.307259
4567,31.00002
4568,8.352676
4569,13.641581
4570,56.17605
4571,-0.17480609
4572,27.193743
4573,22.005358
4574,8.664138
4575,49.016212
4576,30.213696
4577,12.20282
4578,22.782879
4579,43.709656
4580,23.156916
4581,44.33869
4582,9.522942
4583,58.292305
4584,64.885414
4585,11.095123
4586,111.23291
4587,50.625465
4588,9.753901
4589,28.966047
4590,82.68776
4591,19.12271
4592,27.030378
4593,4.616202
4594,19.32054
4595,20.927938
4596,12.109254
4597,8.411855
4598,48.319008
4599,106.421585
4600,1.1671925
4601,34.45187
4602,32.244602
4603,7.2870617
4604,53.026154
4605,2.4787781
4606,25.62226
4607,39.077805
4608,29.420954
4609,18.088238
4610,6.5428953
4611,12.957058
4612,42.05891
4613,16.335035
4614,76.445465
4615,46.674747
4616,20.301432
4617,65.883286
4618,39.322968
4619,84.172104
4620,63.50273
4621,59.82515
4622,42.390682
4623,0.14039981
4624,38.637993
4625,45.283978
4626,18.711916
4627,38.08009
4628,12.024261
4629,15.121203
4630,21.113186
4631,74.14369
4632,47.07818
4633,75.46735
4634,25.308746
4635,74.043076
4636,36.060856
4637,41.544388
4638,39.834087
4639,54.352943
4640,69.64073
4641,17.44106
4642,39.38974
4643,24.521996
4644,47.68841
4645,42.77021
4646,42.02861
4647,30.875578
4648,6.462225
4649,5.9044394
4650,10.831773
4651,17.893814
4652,124.23315
4653,23.127258
4654,58.866688
4655,54.734627
4656,62.803955
4657,62.83922
4658,2.2104096
4659,121.84972
4660,34.845535
4661,98.40456
4662,2.6568534
4663,63.656506
4664,11.196021
4665,33.609177
4666,45.66662
4667,43.664246
4668,35.79636
4669,144.93726
4670,12.539986
4671,33.81951
4672,17.920454
4673,1.0322622
4674,18.097961
4675,23.958977
4676,39.979458
4677,28.062275
4678,36.09483
4679,2.4948308
4680,17.851496
4681,3.3390672
4682,22.257427
4683,41.380394
4684,70.072266
4685,42.468246
4686,42.322727
4687,54.97042
4688,32.148205
4689,62.10372
4690,61.503506
4691,47.34771
4692,50.693027
4693,69.85695
4694,44.50599
4695,2.1021187
4696,25.004187
4697,143.59053
4698,37.37184
4699,15.597912
4700,44.157604
4701,41.526585
4702,104.77804
4703,35.276524
4704,11.63775
4705,112.510925
4706,28.252146
4707,60.731613
4708,0.96489584
4709,67.42338
4710,84.84517
4711,39.19381
4712,19.17856
4713,17.455564
4714,31.1481
4715,12.9706745
4716,0.74895716
4717,97.27565
4718,42.648365
4719,19.239323
4720,52.0893
4721,56.667053
4722,10.136019
4723,57.59562
4724,86.78671
4725,48.88081
4726,101.53964
4727,141.72266
4728,25.377073
4729,67.477066
4730,20.961195
4731,29.38427
4732,28.122158
4733,124.31238
4734,109.37459
4735,9.664631
4736,32.023506
4737,53.141075
4738,76.981125
4739,33.899445
4740,41.392395
4741,53.702522
4742,2.1403258
4743,145.1175
4744,47.116196
4745,50.272717
4746,41.423306
4747,88.09071
4748,6.2040987
4749,99.458954
4750,154.77423
4751,56.793583
4752,40.15223
4753,47.754852
4754,35.543083
4755,40.163475
4756,114.150856
4757,42.988102
4758,61.55098
4759,66.293
4760,69.13035
4761,41.191174
4762,37.807
4763,30.88036
4764,134.22116
4765,49.929287
4766,66.27416
4767,30.127554
4768,39.34401
4769,117.85966
4770,51.775314
4771,112.72192
4772,11.001693
4773,57.26966
4774,29.291437
4775,121.85394
4776,25.814262
4777,36.645264
4778,44.457188
4779,30.573812
4780,55.37903
4781,54.3821
4782,143.01155
4783,90.85312
4784,28.45905
4785,62.587753
4786,24.976871
4787,17.24096
4788,17.324535
4789,23.015804
4790,16.172457
4791,95.04072
4792,55.264206
4793,56.77652
4794,149.25784
4795,16.262272
4796,49.905354
4797,90.0797
4798,73.41106
4799,57.6793
4800,128.6896
4801,87.41638
4802,59.064083
4803,101.22223
4804,32.42905
4805,77.52774
4806,25.085999
4807,10.65596
4808,74.211845
4809,70.00527
4810,10.105309
4811,88.60234
4812,12.919104
4813,105.086334
4814,33.454075
4815,36.30908
4816,33.366512
4817,2.671514
4818,91.66669
4819,37.45634
4820,30.017902
4821,40.857384
4822,23.727686
4823,17.373318
4824,140.95064
4825,21.479834
4826,59.36461
4827,36.329838
4828,206.13123
4829,39.125465
4830,57.59079
4831,132.70471
4832,85.833725
4833,73.878876
4834,34.537056
4835,94.13922
4836,32.33977
4837,103.32385
4838,65.695984
4839,148.09131
4840,134.09714
4841,186.42477
4842,99.47548
4843,48.14605
4844,42.26429
4845,68.82205
4846,86.459366
4847,31.167812
4848,100.410446
4849,3.4460573
4850,95.86656
4851,58.85794
4852,131.84059
4853,67.89691
4854,55.35064
4855,89.08928
4856,9.13314
4857,16.123816
4858,94.49429
4859,24.596642
4860,56.226494
4861,40.705437
4862,85.7881
4863,23.736807
4864,45.235527
4865,118.473694
4866,47.539215
