Episode,PPO Length
0,1
1,2
2,2
3,4
4,2
5,2
6,4
7,3
8,2
9,1
10,3
11,2
12,3
13,7
14,4
15,5
16,6
17,3
18,3
19,5
20,3
21,1
22,8
23,3
24,14
25,3
26,4
27,7
28,7
29,5
30,5
31,3
32,2
33,4
34,5
35,5
36,5
37,7
38,5
39,6
40,5
41,1
42,3
43,2
44,2
45,2
46,3
47,2
48,1
49,1
50,7
51,5
52,2
53,1
54,2
55,1
56,2
57,4
58,7
59,5
60,2
61,10
62,1
63,3
64,1
65,5
66,6
67,1
68,5
69,3
70,4
71,2
72,7
73,1
74,1
75,2
76,2
77,1
78,2
79,1
80,1
81,4
82,3
83,5
84,4
85,5
86,2
87,1
88,3
89,3
90,3
91,6
92,6
93,4
94,1
95,4
96,2
97,3
98,3
99,4
100,1
101,5
102,3
103,3
104,7
105,2
106,1
107,3
108,5
109,2
110,3
111,4
112,3
113,1
114,3
115,3
116,5
117,5
118,2
119,2
120,2
121,6
122,4
123,3
124,12
125,1
126,2
127,5
128,7
129,5
130,1
131,2
132,5
133,1
134,4
135,1
136,8
137,2
138,6
139,8
140,5
141,3
142,4
143,3
144,2
145,4
146,3
147,2
148,5
149,1
150,5
151,5
152,6
153,2
154,3
155,3
156,2
157,5
158,3
159,3
160,5
161,2
162,8
163,1
164,3
165,6
166,3
167,6
168,3
169,3
170,1
171,4
172,2
173,3
174,3
175,4
176,4
177,1
178,7
179,2
180,6
181,1
182,3
183,3
184,1
185,4
186,5
187,2
188,6
189,1
190,8
191,3
192,5
193,2
194,3
195,5
196,1
197,6
198,2
199,5
200,4
201,4
202,6
203,9
204,4
205,1
206,4
207,3
208,1
209,6
210,1
211,2
212,4
213,4
214,2
215,2
216,3
217,2
218,1
219,3
220,4
221,8
222,3
223,5
224,5
225,3
226,3
227,3
228,11
229,5
230,6
231,2
232,2
233,1
234,1
235,1
236,5
237,3
238,5
239,7
240,1
241,7
242,2
243,3
244,2
245,3
246,2
247,3
248,5
249,2
250,3
251,1
252,1
253,1
254,3
255,7
256,1
257,5
258,7
259,2
260,3
261,6
262,2
263,1
264,3
265,2
266,2
267,2
268,1
269,6
270,4
271,2
272,2
273,1
274,3
275,3
276,5
277,3
278,3
279,3
280,2
281,1
282,8
283,1
284,1
285,8
286,5
287,3
288,6
289,1
290,5
291,2
292,5
293,7
294,4
295,2
296,1
297,6
298,3
299,9
300,1
301,11
302,3
303,3
304,2
305,3
306,3
307,1
308,2
309,14
310,4
311,3
312,6
313,5
314,4
315,9
316,3
317,3
318,3
319,3
320,4
321,9
322,5
323,6
324,5
325,1
326,2
327,2
328,4
329,3
330,1
331,2
332,1
333,1
334,2
335,4
336,5
337,2
338,2
339,5
340,1
341,6
342,8
343,1
344,4
345,2
346,1
347,3
348,5
349,2
350,1
351,3
352,3
353,6
354,4
355,3
356,1
357,1
358,5
359,2
360,8
361,1
362,2
363,2
364,2
365,6
366,3
367,4
368,3
369,3
370,1
371,4
372,3
373,7
374,1
375,1
376,1
377,4
378,8
379,5
380,1
381,4
382,8
383,5
384,2
385,4
386,2
387,2
388,1
389,3
390,1
391,3
392,7
393,2
394,1
395,3
396,1
397,4
398,7
399,4
400,11
401,6
402,3
403,1
404,4
405,2
406,4
407,4
408,7
409,2
410,4
411,1
412,2
413,5
414,2
415,5
416,3
417,1
418,3
419,8
420,1
421,6
422,2
423,3
424,8
425,7
426,4
427,4
428,4
429,6
430,2
431,7
432,2
433,5
434,1
435,4
436,5
437,10
438,8
439,5
440,2
441,4
442,5
443,3
444,1
445,3
446,1
447,1
448,1
449,3
450,5
451,1
452,4
453,3
454,1
455,9
456,1
457,4
458,4
459,4
460,4
461,3
462,2
463,3
464,1
465,4
466,4
467,3
468,3
469,4
470,3
471,1
472,3
473,3
474,2
475,3
476,1
477,3
478,2
479,1
480,3
481,5
482,4
483,5
484,1
485,6
486,3
487,2
488,2
489,1
490,2
491,2
492,1
493,5
494,2
495,3
496,3
497,1
498,5
499,1
500,3
501,3
502,3
503,1
504,2
505,2
506,1
507,2
508,3
509,3
510,8
511,4
512,9
513,2
514,7
515,3
516,3
517,2
518,3
519,3
520,3
521,2
522,3
523,3
524,3
525,2
526,3
527,7
528,4
529,3
530,4
531,1
532,3
533,4
534,1
535,8
536,3
537,3
538,8
539,2
540,3
541,3
542,3
543,2
544,3
545,6
546,3
547,3
548,1
549,3
550,4
551,3
552,2
553,4
554,2
555,3
556,5
557,2
558,4
559,3
560,3
561,4
562,3
563,1
564,2
565,1
566,4
567,5
568,9
569,2
570,7
571,3
572,5
573,6
574,1
575,2
576,7
577,1
578,5
579,2
580,3
581,5
582,2
583,2
584,2
585,3
586,2
587,4
588,10
589,2
590,6
591,3
592,15
593,4
594,4
595,1
596,1
597,5
598,11
599,3
600,1
601,3
602,3
603,9
604,5
605,8
606,3
607,3
608,3
609,1
610,7
611,2
612,7
613,4
614,6
615,5
616,1
617,3
618,5
619,3
620,2
621,6
622,1
623,4
624,4
625,5
626,2
627,3
628,3
629,4
630,5
631,4
632,3
633,4
634,5
635,4
636,4
637,2
638,2
639,4
640,5
641,5
642,4
643,6
644,2
645,4
646,4
647,1
648,5
649,3
650,4
651,3
652,10
653,4
654,1
655,2
656,5
657,2
658,2
659,2
660,3
661,3
662,3
663,2
664,1
665,3
666,1
667,7
668,4
669,5
670,4
671,3
672,2
673,2
674,10
675,6
676,1
677,3
678,3
679,4
680,4
681,3
682,7
683,3
684,2
685,2
686,2
687,6
688,2
689,1
690,1
691,2
692,3
693,8
694,1
695,8
696,4
697,6
698,2
699,4
700,4
701,2
702,5
703,3
704,1
705,3
706,1
707,7
708,4
709,3
710,3
711,4
712,3
713,4
714,3
715,7
716,5
717,4
718,7
719,5
720,2
721,4
722,7
723,5
724,1
725,2
726,7
727,4
728,8
729,1
730,4
731,5
732,6
733,15
734,3
735,1
736,6
737,5
738,2
739,4
740,2
741,4
742,10
743,1
744,1
745,1
746,10
747,2
748,2
749,1
750,4
751,5
752,5
753,3
754,4
755,6
756,4
757,3
758,8
759,1
760,3
761,2
762,3
763,5
764,2
765,5
766,1
767,3
768,6
769,5
770,7
771,4
772,7
773,1
774,3
775,3
776,3
777,4
778,5
779,1
780,3
781,5
782,3
783,4
784,3
785,3
786,4
787,2
788,5
789,6
790,1
791,2
792,1
793,3
794,4
795,5
796,8
797,4
798,6
799,3
800,4
801,3
802,5
803,5
804,1
805,5
806,8
807,3
808,4
809,7
810,3
811,3
812,7
813,4
814,1
815,3
816,3
817,4
818,3
819,1
820,3
821,3
822,1
823,4
824,6
825,6
826,2
827,6
828,3
829,2
830,11
831,6
832,1
833,2
834,7
835,3
836,4
837,1
838,6
839,4
840,5
841,3
842,3
843,2
844,8
845,4
846,5
847,8
848,4
849,6
850,6
851,2
852,2
853,10
854,6
855,4
856,1
857,1
858,8
859,5
860,5
861,6
862,4
863,4
864,5
865,4
866,5
867,10
868,4
869,4
870,3
871,3
872,1
873,4
874,1
875,2
876,5
877,3
878,5
879,2
880,6
881,3
882,1
883,3
884,3
885,6
886,4
887,4
888,3
889,6
890,7
891,2
892,3
893,5
894,4
895,4
896,3
897,2
898,3
899,6
900,7
901,3
902,3
903,3
904,2
905,3
906,3
907,3
908,10
909,5
910,1
911,3
912,3
913,3
914,11
915,2
916,1
917,3
918,5
919,2
920,3
921,4
922,3
923,5
924,2
925,5
926,5
927,4
928,4
929,4
930,1
931,1
932,1
933,3
934,4
935,5
936,4
937,7
938,2
939,8
940,1
941,1
942,3
943,2
944,5
945,3
946,7
947,4
948,4
949,3
950,3
951,5
952,4
953,6
954,3
955,4
956,11
957,4
958,1
959,6
960,4
961,3
962,3
963,6
964,10
965,6
966,5
967,6
968,3
969,3
970,2
971,4
972,4
973,2
974,3
975,5
976,3
977,3
978,4
979,4
980,5
981,1
982,7
983,7
984,1
985,9
986,3
987,3
988,7
989,3
990,2
991,6
992,5
993,2
994,3
995,2
996,4
997,1
998,2
999,4
1000,3
1001,3
1002,2
1003,4
1004,4
1005,7
1006,1
1007,4
1008,3
1009,3
1010,1
1011,5
1012,3
1013,2
1014,1
1015,13
1016,6
1017,2
1018,5
1019,8
1020,3
1021,7
1022,1
1023,5
1024,3
1025,2
1026,6
1027,1
1028,2
1029,3
1030,4
1031,7
1032,1
1033,4
1034,8
1035,7
1036,5
1037,4
1038,10
1039,1
1040,4
1041,2
1042,3
1043,5
1044,4
1045,10
1046,4
1047,4
1048,3
1049,4
1050,2
1051,2
1052,7
1053,4
1054,1
1055,1
1056,3
1057,4
1058,9
1059,2
1060,9
1061,4
1062,4
1063,1
1064,9
1065,2
1066,7
1067,1
1068,8
1069,3
1070,2
1071,3
1072,6
1073,4
1074,2
1075,3
1076,7
1077,3
1078,3
1079,1
1080,4
1081,5
1082,2
1083,4
1084,4
1085,3
1086,18
1087,2
1088,10
1089,6
1090,5
1091,9
1092,5
1093,7
1094,4
1095,1
1096,6
1097,1
1098,1
1099,6
1100,2
1101,5
1102,2
1103,5
1104,5
1105,6
1106,1
1107,5
1108,1
1109,3
1110,7
1111,1
1112,2
1113,7
1114,4
1115,5
1116,4
1117,8
1118,2
1119,6
1120,6
1121,9
1122,1
1123,5
1124,2
1125,5
1126,3
1127,3
1128,6
1129,11
1130,8
1131,1
1132,4
1133,5
1134,4
1135,4
1136,4
1137,3
1138,4
1139,3
1140,1
1141,4
1142,1
1143,7
1144,9
1145,3
1146,10
1147,6
1148,8
1149,8
1150,3
1151,7
1152,3
1153,4
1154,6
1155,5
1156,7
1157,2
1158,2
1159,6
1160,7
1161,7
1162,5
1163,6
1164,5
1165,8
1166,2
1167,3
1168,4
1169,2
1170,8
1171,4
1172,5
1173,6
1174,3
1175,2
1176,10
1177,1
1178,4
1179,7
1180,3
1181,2
1182,1
1183,6
1184,4
1185,3
1186,3
1187,6
1188,2
1189,5
1190,4
1191,2
1192,9
1193,4
1194,3
1195,4
1196,1
1197,5
1198,4
1199,4
1200,3
1201,3
1202,5
1203,8
1204,1
1205,4
1206,5
1207,3
1208,4
1209,3
1210,4
1211,10
1212,3
1213,1
1214,6
1215,6
1216,2
1217,3
1218,4
1219,10
1220,3
1221,7
1222,15
1223,4
1224,11
1225,1
1226,4
1227,5
1228,3
1229,4
1230,3
1231,5
1232,11
1233,3
1234,3
1235,6
1236,4
1237,3
1238,5
1239,5
1240,2
1241,3
1242,4
1243,11
1244,3
1245,8
1246,6
1247,2
1248,5
1249,3
1250,2
1251,3
1252,1
1253,10
1254,12
1255,5
1256,3
1257,12
1258,4
1259,6
1260,3
1261,6
1262,4
1263,1
1264,3
1265,3
1266,10
1267,6
1268,2
1269,3
1270,3
1271,4
1272,7
1273,2
1274,11
1275,15
1276,5
1277,7
1278,4
1279,4
1280,4
1281,8
1282,5
1283,3
1284,3
1285,7
1286,2
1287,4
1288,2
1289,3
1290,3
1291,3
1292,4
1293,4
1294,1
1295,7
1296,3
1297,3
1298,3
1299,5
1300,4
1301,10
1302,3
1303,3
1304,9
1305,4
1306,7
1307,10
1308,3
1309,1
1310,3
1311,1
1312,4
1313,19
1314,5
1315,3
1316,4
1317,5
1318,3
1319,1
1320,3
1321,4
1322,3
1323,2
1324,7
1325,5
1326,7
1327,6
1328,3
1329,8
1330,4
1331,5
1332,3
1333,7
1334,4
1335,3
1336,2
1337,1
1338,8
1339,3
1340,9
1341,6
1342,2
1343,3
1344,5
1345,2
1346,3
1347,5
1348,4
1349,5
1350,2
1351,8
1352,2
1353,1
1354,4
1355,3
1356,1
1357,2
1358,4
1359,6
1360,2
1361,2
1362,1
1363,13
1364,4
1365,1
1366,10
1367,6
1368,3
1369,4
1370,1
1371,3
1372,7
1373,7
1374,9
1375,3
1376,4
1377,2
1378,10
1379,2
1380,2
1381,6
1382,6
1383,6
1384,4
1385,7
1386,5
1387,1
1388,9
1389,3
1390,2
1391,4
1392,5
1393,3
1394,8
1395,1
1396,7
1397,2
1398,2
1399,4
1400,8
1401,6
1402,7
1403,8
1404,3
1405,1
1406,5
1407,2
1408,1
1409,3
1410,5
1411,4
1412,2
1413,7
1414,7
1415,8
1416,3
1417,5
1418,4
1419,4
1420,4
1421,3
1422,4
1423,4
1424,3
1425,3
1426,4
1427,4
1428,3
1429,4
1430,3
1431,3
1432,6
1433,4
1434,1
1435,5
1436,4
1437,4
1438,4
1439,1
1440,6
1441,2
1442,3
1443,11
1444,3
1445,3
1446,5
1447,1
1448,5
1449,3
1450,3
1451,2
1452,11
1453,7
1454,5
1455,4
1456,6
1457,2
1458,5
1459,5
1460,2
1461,1
1462,9
1463,4
1464,17
1465,7
1466,5
1467,5
1468,4
1469,2
1470,3
1471,7
1472,3
1473,3
1474,3
1475,3
1476,5
1477,4
1478,5
1479,3
1480,5
1481,3
1482,5
1483,4
1484,2
1485,4
1486,9
1487,4
1488,2
1489,4
1490,6
1491,4
1492,3
1493,1
1494,5
1495,2
1496,7
1497,5
1498,3
1499,3
1500,7
1501,5
1502,4
1503,4
1504,4
1505,4
1506,1
1507,3
1508,3
1509,8
1510,4
1511,1
1512,10
1513,3
1514,7
1515,2
1516,3
1517,2
1518,2
1519,1
1520,8
1521,4
1522,1
1523,12
1524,3
1525,4
1526,6
1527,2
1528,1
1529,7
1530,4
1531,3
1532,5
1533,3
1534,2
1535,8
1536,5
1537,6
1538,4
1539,5
1540,6
1541,3
1542,1
1543,5
1544,2
1545,5
1546,1
1547,5
1548,2
1549,8
1550,6
1551,6
1552,2
1553,3
1554,4
1555,3
1556,3
1557,10
1558,8
1559,6
1560,4
1561,7
1562,1
1563,3
1564,8
1565,4
1566,3
1567,7
1568,5
1569,7
1570,4
1571,1
1572,6
1573,8
1574,2
1575,7
1576,20
1577,8
1578,9
1579,7
1580,5
1581,3
1582,5
1583,4
1584,8
1585,7
1586,3
1587,3
1588,4
1589,1
1590,4
1591,4
1592,2
1593,1
1594,8
1595,7
1596,9
1597,9
1598,5
1599,5
1600,3
1601,2
1602,3
1603,5
1604,1
1605,12
1606,10
1607,2
1608,5
1609,3
1610,5
1611,1
1612,5
1613,8
1614,7
1615,8
1616,1
1617,6
1618,5
1619,5
1620,4
1621,4
1622,5
1623,3
1624,5
1625,4
1626,3
1627,12
1628,2
1629,3
1630,3
1631,5
1632,6
1633,2
1634,3
1635,7
1636,4
1637,2
1638,5
1639,5
1640,2
1641,1
1642,5
1643,10
1644,6
1645,8
1646,3
1647,3
1648,4
1649,6
1650,6
1651,3
1652,1
1653,7
1654,5
1655,5
1656,6
1657,1
1658,5
1659,2
1660,8
1661,6
1662,4
1663,5
1664,1
1665,1
1666,5
1667,8
1668,3
1669,6
1670,4
1671,6
1672,1
1673,6
1674,13
1675,5
1676,2
1677,6
1678,2
1679,2
1680,7
1681,3
1682,7
1683,11
1684,6
1685,3
1686,1
1687,9
1688,3
1689,4
1690,2
1691,3
1692,4
1693,6
1694,3
1695,5
1696,1
1697,5
1698,3
1699,1
1700,2
1701,3
1702,3
1703,5
1704,3
1705,2
1706,7
1707,2
1708,1
1709,3
1710,4
1711,3
1712,5
1713,2
1714,7
1715,5
1716,8
1717,5
1718,5
1719,6
1720,4
1721,6
1722,4
1723,8
1724,6
1725,9
1726,4
1727,6
1728,5
1729,8
1730,8
1731,16
1732,5
1733,8
1734,3
1735,3
1736,5
1737,5
1738,5
1739,10
1740,2
1741,7
1742,6
1743,6
1744,3
1745,6
1746,5
1747,5
1748,3
1749,3
1750,2
1751,5
1752,1
1753,5
1754,6
1755,6
1756,3
1757,3
1758,8
1759,5
1760,1
1761,4
1762,3
1763,4
1764,4
1765,7
1766,4
1767,8
1768,7
1769,5
1770,3
1771,3
1772,12
1773,4
1774,1
1775,4
1776,2
1777,3
1778,7
1779,8
1780,7
1781,4
1782,10
1783,5
1784,3
1785,4
1786,3
1787,7
1788,3
1789,8
1790,6
1791,4
1792,4
1793,11
1794,5
1795,6
1796,2
1797,3
1798,1
1799,4
1800,3
1801,6
1802,4
1803,3
1804,1
1805,3
1806,8
1807,4
1808,8
1809,4
1810,4
1811,1
1812,4
1813,2
1814,9
1815,3
1816,6
1817,3
1818,9
1819,3
1820,3
1821,4
1822,10
1823,1
1824,3
1825,7
1826,10
1827,5
1828,5
1829,3
1830,9
1831,8
1832,3
1833,5
1834,5
1835,1
1836,3
1837,4
1838,3
1839,5
1840,1
1841,5
1842,5
1843,4
1844,1
1845,5
1846,10
1847,4
1848,6
1849,7
1850,1
1851,3
1852,12
1853,2
1854,4
1855,11
1856,12
1857,6
1858,7
1859,8
1860,1
1861,1
1862,9
1863,6
1864,6
1865,2
1866,7
1867,8
1868,5
1869,6
1870,5
1871,2
1872,6
1873,3
1874,10
1875,1
1876,1
1877,9
1878,7
1879,2
1880,6
1881,11
1882,10
1883,4
1884,7
1885,3
1886,10
1887,9
1888,5
1889,5
1890,3
1891,1
1892,4
1893,6
1894,5
1895,11
1896,3
1897,9
1898,4
1899,2
1900,3
1901,10
1902,6
1903,6
1904,5
1905,4
1906,3
1907,6
1908,4
1909,2
1910,8
1911,8
1912,11
1913,6
1914,3
1915,3
1916,4
1917,3
1918,2
1919,3
1920,6
1921,6
1922,8
1923,5
1924,1
1925,1
1926,4
1927,3
1928,3
1929,5
1930,3
1931,5
1932,3
1933,3
1934,5
1935,2
1936,1
1937,10
1938,5
1939,6
1940,8
1941,9
1942,5
1943,6
1944,4
1945,6
1946,4
1947,8
1948,5
1949,1
1950,4
1951,8
1952,3
1953,4
1954,11
1955,4
1956,2
1957,3
1958,3
1959,8
1960,9
1961,2
1962,4
1963,8
1964,2
1965,9
1966,3
1967,8
1968,10
1969,10
1970,13
1971,3
1972,4
1973,8
1974,4
1975,1
1976,7
1977,7
1978,4
1979,2
1980,2
1981,4
1982,5
1983,2
1984,5
1985,6
1986,6
1987,4
1988,5
1989,4
1990,2
1991,4
1992,1
1993,6
1994,7
1995,4
1996,1
1997,4
1998,4
1999,6
2000,7
2001,6
2002,4
2003,14
2004,6
2005,7
2006,2
2007,6
2008,7
2009,11
2010,3
2011,8
2012,5
2013,3
2014,5
2015,11
2016,3
2017,6
2018,1
2019,5
2020,4
2021,10
2022,4
2023,8
2024,4
2025,7
2026,5
2027,6
2028,2
2029,5
2030,3
2031,8
2032,9
2033,3
2034,1
2035,9
2036,6
2037,3
2038,10
2039,1
2040,7
2041,9
2042,6
2043,6
2044,4
2045,5
2046,1
2047,9
2048,10
2049,2
2050,2
2051,2
2052,5
2053,3
2054,3
2055,5
2056,4
2057,4
2058,8
2059,5
2060,3
2061,6
2062,3
2063,7
2064,7
2065,5
2066,20
2067,3
2068,5
2069,1
2070,11
2071,11
2072,4
2073,2
2074,2
2075,8
2076,6
2077,7
2078,3
2079,1
2080,2
2081,4
2082,15
2083,1
2084,4
2085,7
2086,6
2087,6
2088,4
2089,12
2090,3
2091,6
2092,5
2093,6
2094,2
2095,3
2096,7
2097,8
2098,6
2099,6
2100,2
2101,5
2102,3
2103,5
2104,6
2105,3
2106,5
2107,8
2108,5
2109,3
2110,9
2111,3
2112,1
2113,4
2114,8
2115,5
2116,8
2117,6
2118,3
2119,5
2120,2
2121,5
2122,10
2123,3
2124,5
2125,4
2126,4
2127,11
2128,7
2129,7
2130,3
2131,8
2132,11
2133,8
2134,4
2135,3
2136,4
2137,5
2138,5
2139,13
2140,3
2141,6
2142,5
2143,3
2144,7
2145,4
2146,1
2147,5
2148,3
2149,12
2150,6
2151,6
2152,9
2153,5
2154,3
2155,7
2156,10
2157,3
2158,9
2159,3
2160,4
2161,2
2162,5
2163,10
2164,5
2165,9
2166,2
2167,7
2168,5
2169,6
2170,6
2171,1
2172,3
2173,8
2174,5
2175,5
2176,3
2177,4
2178,4
2179,3
2180,3
2181,3
2182,2
2183,5
2184,9
2185,5
2186,6
2187,2
2188,7
2189,7
2190,6
2191,11
2192,4
2193,5
2194,8
2195,6
2196,4
2197,3
2198,11
2199,9
2200,12
2201,4
2202,14
2203,4
2204,7
2205,5
2206,5
2207,1
2208,3
2209,11
2210,9
2211,12
2212,9
2213,3
2214,9
2215,6
2216,3
2217,5
2218,1
2219,11
2220,10
2221,5
2222,10
2223,2
2224,5
2225,3
2226,5
2227,2
2228,7
2229,9
2230,5
2231,13
2232,5
2233,4
2234,17
2235,9
2236,7
2237,8
2238,9
2239,17
2240,2
2241,5
2242,3
2243,8
2244,4
2245,7
2246,1
2247,3
2248,3
2249,4
2250,13
2251,6
2252,8
2253,9
2254,11
2255,4
2256,5
2257,2
2258,7
2259,10
2260,1
2261,3
2262,8
2263,3
2264,2
2265,11
2266,6
2267,18
2268,3
2269,15
2270,5
2271,8
2272,3
2273,3
2274,2
2275,8
2276,6
2277,12
2278,9
2279,5
2280,8
2281,5
2282,14
2283,6
2284,8
2285,4
2286,9
2287,12
2288,5
2289,16
2290,5
2291,7
2292,2
2293,5
2294,4
2295,3
2296,1
2297,3
2298,16
2299,19
2300,3
2301,5
2302,4
2303,1
2304,3
2305,3
2306,2
2307,4
2308,6
2309,6
2310,4
2311,7
2312,5
2313,4
2314,1
2315,3
2316,6
2317,9
2318,2
2319,6
2320,5
2321,12
2322,6
2323,6
2324,10
2325,11
2326,13
2327,4
2328,15
2329,19
2330,7
2331,4
2332,4
2333,4
2334,5
2335,6
2336,4
2337,6
2338,5
2339,9
2340,7
2341,9
2342,14
2343,7
2344,8
2345,8
2346,3
2347,2
2348,3
2349,6
2350,14
2351,11
2352,9
2353,15
2354,6
2355,6
2356,9
2357,14
2358,3
2359,7
2360,10
2361,3
2362,15
2363,5
2364,3
2365,2
2366,5
2367,5
2368,1
2369,6
2370,1
2371,10
2372,6
2373,6
2374,8
2375,3
2376,7
2377,9
2378,19
2379,3
2380,9
2381,1
2382,7
2383,5
2384,21
2385,6
2386,5
2387,6
2388,8
2389,3
2390,6
2391,7
2392,9
2393,4
2394,7
2395,3
2396,5
2397,9
2398,8
2399,7
2400,5
2401,10
2402,7
2403,6
2404,8
2405,12
2406,2
2407,4
2408,10
2409,7
2410,16
2411,3
2412,6
2413,6
2414,10
2415,4
2416,7
2417,15
2418,2
2419,7
2420,4
2421,5
2422,18
2423,7
2424,6
2425,5
2426,4
2427,5
2428,3
2429,3
2430,9
2431,3
2432,6
2433,11
2434,14
2435,3
2436,9
2437,1
2438,10
2439,3
2440,14
2441,14
2442,6
2443,10
2444,10
2445,6
2446,10
2447,1
2448,7
2449,25
2450,7
2451,2
2452,4
2453,3
2454,7
2455,7
2456,1
2457,2
2458,5
2459,3
2460,1
2461,2
2462,4
2463,8
2464,5
2465,2
2466,5
2467,5
2468,4
2469,7
2470,7
2471,3
2472,20
2473,5
2474,7
2475,3
2476,8
2477,9
2478,2
2479,3
2480,13
2481,5
2482,6
2483,5
2484,10
2485,3
2486,13
2487,12
2488,1
2489,4
2490,7
2491,7
2492,11
2493,8
2494,17
2495,18
2496,6
2497,5
2498,3
2499,10
2500,4
2501,8
2502,4
2503,3
2504,15
2505,1
2506,3
2507,12
2508,10
2509,6
2510,11
2511,11
2512,6
2513,2
2514,8
2515,8
2516,5
2517,4
2518,5
2519,1
2520,4
2521,5
2522,11
2523,11
2524,2
2525,17
2526,5
2527,5
2528,2
2529,14
2530,3
2531,9
2532,3
2533,8
2534,6
2535,8
2536,6
2537,5
2538,5
2539,3
2540,3
2541,2
2542,5
2543,7
2544,12
2545,5
2546,5
2547,15
2548,1
2549,7
2550,6
2551,4
2552,8
2553,12
2554,4
2555,11
2556,3
2557,4
2558,8
2559,13
2560,9
2561,3
2562,13
2563,5
2564,5
2565,4
2566,2
2567,7
2568,4
2569,7
2570,4
2571,1
2572,1
2573,3
2574,8
2575,4
2576,11
2577,6
2578,7
2579,9
2580,9
2581,7
2582,3
2583,8
2584,12
2585,5
2586,1
2587,5
2588,9
2589,5
2590,6
2591,11
2592,7
2593,7
2594,8
2595,3
2596,1
2597,4
2598,6
2599,9
2600,10
2601,9
2602,9
2603,1
2604,5
2605,16
2606,8
2607,11
2608,3
2609,6
2610,7
2611,8
2612,5
2613,14
2614,5
2615,2
2616,5
2617,6
2618,2
2619,1
2620,2
2621,8
2622,6
2623,7
2624,5
2625,14
2626,24
2627,13
2628,1
2629,19
2630,5
2631,5
2632,5
2633,5
2634,14
2635,6
2636,16
2637,8
2638,13
2639,14
2640,4
2641,5
2642,3
2643,5
2644,10
2645,6
2646,9
2647,2
2648,15
2649,11
2650,4
2651,14
2652,13
2653,18
2654,7
2655,9
2656,5
2657,2
2658,6
2659,3
2660,13
2661,3
2662,8
2663,3
2664,11
2665,7
2666,5
2667,9
2668,10
2669,10
2670,4
2671,1
2672,5
2673,12
2674,3
2675,8
2676,5
2677,8
2678,3
2679,14
2680,10
2681,9
2682,7
2683,3
2684,3
2685,3
2686,10
2687,5
2688,7
2689,6
2690,3
2691,3
2692,2
2693,13
2694,7
2695,2
2696,4
2697,8
2698,3
2699,6
2700,6
2701,6
2702,12
2703,4
2704,7
2705,5
2706,3
2707,7
2708,12
2709,11
2710,6
2711,6
2712,2
2713,9
2714,7
2715,12
2716,3
2717,4
2718,5
2719,3
2720,15
2721,11
2722,10
2723,7
2724,10
2725,4
2726,9
2727,1
2728,3
2729,5
2730,6
2731,4
2732,12
2733,3
2734,5
2735,7
2736,11
2737,6
2738,11
2739,12
2740,8
2741,7
2742,11
2743,9
2744,17
2745,5
2746,8
2747,7
2748,5
2749,8
2750,6
2751,5
2752,16
2753,6
2754,6
2755,3
2756,23
2757,4
2758,7
2759,10
2760,8
2761,5
2762,6
2763,11
2764,5
2765,6
2766,8
2767,10
2768,1
2769,4
2770,6
2771,1
2772,5
2773,4
2774,1
2775,14
2776,5
2777,3
2778,5
2779,4
2780,4
2781,5
2782,3
2783,8
2784,6
2785,3
2786,4
2787,6
2788,4
2789,15
2790,9
2791,11
2792,4
2793,11
2794,10
2795,11
2796,4
2797,14
2798,9
2799,9
2800,2
2801,9
2802,18
2803,7
2804,8
2805,11
2806,10
2807,10
2808,6
2809,4
2810,4
2811,9
2812,5
2813,10
2814,12
2815,5
2816,5
2817,16
2818,9
2819,7
2820,7
2821,6
2822,1
2823,9
2824,8
2825,9
2826,10
2827,3
2828,9
2829,15
2830,4
2831,11
2832,6
2833,9
2834,10
2835,7
2836,6
2837,8
2838,10
2839,4
2840,5
2841,6
2842,14
2843,8
2844,10
2845,3
2846,16
2847,10
2848,4
2849,4
2850,10
2851,4
2852,13
2853,6
2854,1
2855,5
2856,6
2857,5
2858,13
2859,7
2860,11
2861,1
2862,21
2863,4
2864,12
2865,11
2866,12
2867,8
2868,16
2869,5
2870,24
2871,10
2872,1
2873,4
2874,16
2875,3
2876,11
2877,7
2878,3
2879,6
2880,6
2881,7
2882,5
2883,8
2884,5
2885,1
2886,11
2887,15
2888,2
2889,2
2890,3
2891,4
2892,11
2893,7
2894,8
2895,2
2896,7
2897,14
2898,8
2899,5
2900,6
2901,3
2902,12
2903,19
2904,6
2905,2
2906,5
2907,5
2908,3
2909,10
2910,10
2911,7
2912,3
2913,7
2914,3
2915,3
2916,27
2917,22
2918,3
2919,4
2920,2
2921,2
2922,10
2923,3
2924,7
2925,8
2926,13
2927,16
2928,4
2929,19
2930,5
2931,14
2932,19
2933,6
2934,40
2935,7
2936,4
2937,8
2938,10
2939,9
2940,6
2941,3
2942,12
2943,6
2944,13
2945,12
2946,7
2947,8
2948,10
2949,6
2950,9
2951,3
2952,8
2953,12
2954,9
2955,7
2956,32
2957,11
2958,10
2959,12
2960,6
2961,9
2962,3
2963,5
2964,4
2965,6
2966,2
2967,10
2968,13
2969,2
2970,3
2971,10
2972,8
2973,15
2974,7
2975,18
2976,7
2977,4
2978,5
2979,27
2980,8
2981,12
2982,5
2983,9
2984,23
2985,13
2986,6
2987,24
2988,16
2989,5
2990,4
2991,5
2992,8
2993,8
2994,11
2995,8
2996,16
2997,7
2998,8
2999,3
3000,6
3001,6
3002,7
3003,5
3004,26
3005,9
3006,6
3007,29
3008,3
3009,8
3010,5
3011,13
3012,6
3013,6
3014,5
3015,13
3016,5
3017,7
3018,4
3019,8
3020,8
3021,11
3022,14
3023,4
3024,5
3025,6
3026,11
3027,5
3028,34
3029,15
3030,18
3031,7
3032,5
3033,8
3034,3
3035,24
3036,6
3037,6
3038,16
3039,4
3040,7
3041,18
3042,7
3043,5
3044,7
3045,8
3046,27
3047,3
3048,7
3049,9
3050,6
3051,2
3052,6
3053,5
3054,6
3055,3
3056,8
3057,12
3058,4
3059,6
3060,4
3061,6
3062,14
3063,22
3064,8
3065,21
3066,9
3067,2
3068,12
3069,3
3070,15
3071,9
3072,9
3073,2
3074,8
3075,14
3076,7
3077,3
3078,8
3079,7
3080,4
3081,3
3082,10
3083,3
3084,20
3085,7
3086,14
3087,5
3088,9
3089,3
3090,7
3091,4
3092,7
3093,5
3094,3
3095,23
3096,12
3097,10
3098,26
3099,10
3100,9
3101,5
3102,18
3103,7
3104,13
3105,17
3106,5
3107,16
3108,17
3109,4
3110,5
3111,5
3112,3
3113,3
3114,8
3115,6
3116,6
3117,11
3118,7
3119,8
3120,3
3121,3
3122,3
3123,14
3124,28
3125,22
3126,5
3127,4
3128,4
3129,9
3130,29
3131,6
3132,2
3133,6
3134,4
3135,5
3136,3
3137,18
3138,18
3139,15
3140,20
3141,16
3142,8
3143,29
3144,9
3145,12
3146,6
3147,6
3148,17
3149,12
3150,12
3151,14
3152,1
3153,9
3154,9
3155,5
3156,12
3157,5
3158,19
3159,16
3160,15
3161,7
3162,5
3163,6
3164,3
3165,3
3166,12
3167,12
3168,12
3169,11
3170,4
3171,12
3172,11
3173,15
3174,8
3175,5
3176,7
3177,6
3178,7
3179,21
3180,10
3181,13
3182,16
3183,29
3184,19
3185,12
3186,3
3187,3
3188,41
3189,25
3190,8
3191,4
3192,11
3193,8
3194,9
3195,4
3196,14
3197,4
3198,13
3199,18
3200,8
3201,11
3202,8
3203,10
3204,19
3205,5
3206,3
3207,4
3208,10
3209,18
3210,5
3211,9
3212,11
3213,3
3214,3
3215,3
3216,4
3217,29
3218,9
3219,8
3220,14
3221,7
3222,5
3223,33
3224,14
3225,12
3226,29
3227,5
3228,7
3229,21
3230,25
3231,6
3232,3
3233,6
3234,22
3235,18
3236,3
3237,11
3238,2
3239,12
3240,8
3241,3
3242,9
3243,4
3244,7
3245,10
3246,12
3247,3
3248,3
3249,11
3250,13
3251,9
3252,9
3253,8
3254,5
3255,7
3256,10
3257,13
3258,10
3259,3
3260,15
3261,9
3262,7
3263,18
3264,12
3265,8
3266,6
3267,7
3268,7
3269,13
3270,2
3271,3
3272,9
3273,11
3274,16
3275,10
3276,4
3277,12
3278,16
3279,6
3280,6
3281,19
3282,20
3283,11
3284,3
3285,9
3286,7
3287,9
3288,11
3289,13
3290,17
3291,4
3292,9
3293,9
3294,3
3295,21
3296,8
3297,8
3298,6
3299,13
3300,5
3301,13
3302,19
3303,4
3304,11
3305,19
3306,6
3307,35
3308,5
3309,11
3310,20
3311,9
3312,24
3313,10
3314,17
3315,4
3316,3
3317,11
3318,19
3319,11
3320,3
3321,14
3322,11
3323,9
3324,1
3325,14
3326,10
3327,4
3328,9
3329,5
3330,15
3331,17
3332,5
3333,12
3334,6
3335,13
3336,20
3337,16
3338,15
3339,5
3340,10
3341,25
3342,16
3343,15
3344,6
3345,14
3346,9
3347,14
3348,22
3349,10
3350,41
3351,12
3352,3
3353,10
3354,20
3355,9
3356,16
3357,10
3358,27
3359,4
3360,15
3361,5
3362,2
3363,3
3364,29
3365,12
3366,9
3367,8
3368,2
3369,20
3370,14
3371,23
3372,14
3373,18
3374,19
3375,10
3376,10
3377,21
3378,12
3379,7
3380,7
3381,6
3382,24
3383,5
3384,6
3385,25
3386,4
3387,10
3388,4
3389,11
3390,15
3391,21
3392,7
3393,23
3394,3
3395,13
3396,7
3397,10
3398,8
3399,16
3400,5
3401,5
3402,5
3403,6
3404,4
3405,3
3406,9
3407,3
3408,12
3409,13
3410,19
3411,7
3412,30
3413,5
3414,27
3415,5
3416,22
3417,24
3418,6
3419,8
3420,7
3421,7
3422,17
3423,12
3424,10
3425,3
3426,22
3427,12
3428,7
3429,3
3430,16
3431,19
3432,8
3433,5
3434,9
3435,9
3436,6
3437,24
3438,11
3439,3
3440,5
3441,14
3442,3
3443,2
3444,13
3445,19
3446,3
3447,16
3448,7
3449,12
3450,8
3451,18
3452,17
3453,12
3454,23
3455,12
3456,14
3457,6
3458,11
3459,25
3460,6
3461,3
3462,20
3463,2
3464,22
3465,15
3466,17
3467,7
3468,16
3469,17
3470,12
3471,20
3472,8
3473,2
3474,11
3475,3
3476,14
3477,3
3478,12
3479,19
3480,9
3481,4
3482,17
3483,10
3484,12
3485,12
3486,19
3487,5
3488,6
3489,3
3490,3
3491,17
3492,5
3493,8
3494,30
3495,19
3496,17
3497,18
3498,10
3499,11
3500,8
3501,33
3502,18
3503,14
3504,2
3505,10
3506,21
3507,15
3508,5
3509,25
3510,16
3511,19
3512,22
3513,5
3514,29
3515,2
3516,21
3517,28
3518,14
3519,42
3520,16
3521,4
3522,8
3523,17
3524,7
3525,15
3526,36
3527,39
3528,3
3529,8
3530,1
3531,7
3532,14
3533,10
3534,14
3535,11
3536,10
3537,10
3538,9
3539,7
3540,9
3541,7
3542,2
3543,7
3544,4
3545,18
3546,5
3547,18
3548,23
3549,33
3550,20
3551,8
3552,61
3553,18
3554,34
3555,4
3556,8
3557,23
3558,19
3559,23
3560,8
3561,12
3562,16
3563,11
3564,31
3565,21
3566,5
3567,14
3568,11
3569,18
3570,18
3571,14
3572,20
3573,39
3574,3
3575,9
3576,8
3577,2
3578,13
3579,6
3580,5
3581,17
3582,8
3583,9
3584,15
3585,27
3586,9
3587,17
3588,3
3589,5
3590,11
3591,7
3592,7
3593,4
3594,4
3595,9
3596,32
3597,14
3598,31
3599,7
3600,10
3601,13
3602,17
3603,11
3604,9
3605,9
3606,13
3607,37
3608,15
3609,22
3610,22
3611,8
3612,6
3613,10
3614,15
3615,9
3616,49
3617,20
3618,13
3619,18
3620,4
3621,13
3622,22
3623,20
3624,24
3625,15
3626,14
3627,6
3628,14
3629,19
3630,7
3631,18
3632,6
3633,30
3634,21
3635,18
3636,10
3637,2
3638,5
3639,26
3640,13
3641,13
3642,7
3643,8
3644,28
3645,40
3646,4
3647,21
3648,14
3649,35
3650,27
3651,16
3652,5
3653,22
3654,17
3655,18
3656,8
3657,15
3658,9
3659,6
3660,10
3661,16
3662,6
3663,29
3664,27
3665,8
3666,41
3667,20
3668,7
3669,15
3670,20
3671,12
3672,20
3673,36
3674,27
3675,6
3676,6
3677,3
3678,8
3679,2
3680,8
3681,20
3682,14
3683,21
3684,7
3685,3
3686,3
3687,12
3688,17
3689,38
3690,16
3691,18
3692,32
3693,7
3694,5
3695,10
3696,6
3697,11
3698,31
3699,6
3700,24
3701,24
3702,16
3703,19
3704,5
3705,9
3706,19
3707,11
3708,24
3709,9
3710,42
3711,4
3712,6
3713,19
3714,18
3715,17
3716,28
3717,3
3718,14
3719,18
3720,14
3721,19
3722,16
3723,14
3724,11
3725,9
3726,11
3727,6
3728,58
3729,16
3730,13
3731,17
3732,16
3733,8
3734,4
3735,12
3736,6
3737,7
3738,12
3739,6
3740,20
3741,9
3742,3
3743,10
3744,27
3745,19
3746,43
3747,6
3748,5
3749,16
3750,5
3751,42
3752,11
3753,5
3754,9
3755,15
3756,24
3757,14
3758,5
3759,13
3760,12
3761,45
3762,60
3763,8
3764,41
3765,7
3766,8
3767,13
3768,34
3769,35
3770,23
3771,11
3772,29
3773,14
3774,15
3775,42
3776,11
3777,21
3778,10
3779,20
3780,31
3781,7
3782,6
3783,13
3784,13
3785,14
3786,42
3787,12
3788,4
3789,1
3790,28
3791,5
3792,14
3793,36
3794,43
3795,2
3796,5
3797,7
3798,7
3799,20
3800,19
3801,12
3802,31
3803,11
3804,6
3805,19
3806,10
3807,15
3808,19
3809,31
3810,13
3811,57
3812,2
3813,9
3814,45
3815,10
3816,31
3817,9
3818,7
3819,4
3820,17
3821,14
3822,13
3823,39
3824,74
3825,11
3826,8
3827,7
3828,8
3829,25
3830,6
3831,12
3832,4
3833,17
3834,14
3835,4
3836,19
3837,4
3838,6
3839,8
3840,1
3841,13
3842,7
3843,30
3844,25
3845,12
3846,26
3847,27
3848,3
3849,10
3850,18
3851,7
3852,24
3853,18
3854,8
3855,23
3856,13
3857,25
3858,18
3859,12
3860,6
3861,23
3862,14
3863,21
3864,34
3865,31
3866,14
3867,23
3868,10
3869,25
3870,33
3871,12
3872,9
3873,17
3874,17
3875,5
3876,8
3877,16
3878,10
3879,12
3880,15
3881,8
3882,27
3883,28
3884,26
3885,16
3886,15
3887,27
3888,44
3889,9
3890,40
3891,7
3892,4
3893,11
3894,29
3895,16
3896,7
3897,19
3898,17
3899,117
3900,35
3901,15
3902,13
3903,9
3904,12
3905,24
3906,17
3907,40
3908,14
3909,3
3910,14
3911,28
3912,10
3913,25
3914,11
3915,9
3916,3
3917,28
3918,4
3919,13
3920,34
3921,3
3922,19
3923,3
3924,28
3925,6
3926,6
3927,21
3928,10
3929,15
3930,58
3931,17
3932,17
3933,45
3934,17
3935,38
3936,18
3937,8
3938,27
3939,19
3940,24
3941,14
3942,42
3943,3
3944,8
3945,7
3946,15
3947,18
3948,7
3949,24
3950,40
3951,7
3952,21
3953,69
3954,15
3955,43
3956,5
3957,15
3958,21
3959,43
3960,14
3961,14
3962,27
3963,5
3964,21
3965,20
3966,14
3967,12
3968,17
3969,7
3970,41
3971,13
3972,29
3973,27
3974,3
3975,50
3976,30
3977,27
3978,6
3979,17
3980,37
3981,53
3982,24
3983,46
3984,25
3985,13
3986,16
3987,4
3988,29
3989,9
3990,29
3991,10
3992,5
3993,3
3994,32
3995,70
3996,38
3997,72
3998,28
3999,6
4000,3
4001,2
4002,69
4003,24
4004,7
4005,2
4006,12
4007,7
4008,21
4009,18
4010,14
4011,13
4012,10
4013,37
4014,5
4015,22
4016,7
4017,44
4018,3
4019,10
4020,10
4021,31
4022,6
4023,24
4024,14
4025,9
4026,30
4027,3
4028,24
4029,26
4030,19
4031,22
4032,19
4033,43
4034,24
4035,14
4036,27
4037,19
4038,37
4039,41
4040,5
4041,30
4042,18
4043,18
4044,24
4045,34
4046,4
4047,27
4048,49
4049,27
4050,25
4051,14
4052,50
4053,13
4054,18
4055,41
4056,28
4057,12
4058,5
4059,24
4060,4
4061,26
4062,5
4063,60
4064,15
4065,51
4066,31
4067,39
4068,12
4069,37
4070,16
4071,11
4072,7
4073,92
4074,8
4075,29
4076,92
4077,21
4078,33
4079,57
4080,20
4081,29
4082,32
4083,29
4084,81
4085,48
4086,41
4087,3
4088,14
4089,51
4090,12
4091,11
4092,19
4093,61
4094,9
4095,44
4096,17
4097,68
4098,7
4099,23
4100,20
4101,37
4102,27
4103,46
4104,38
4105,28
4106,9
4107,22
4108,29
4109,21
4110,42
4111,20
4112,29
4113,28
4114,50
4115,6
4116,38
4117,42
4118,44
4119,21
4120,36
4121,6
4122,24
4123,35
4124,19
4125,61
4126,8
4127,22
4128,18
4129,3
4130,14
4131,32
4132,48
4133,107
4134,25
4135,3
4136,57
4137,110
4138,49
4139,62
4140,13
4141,61
4142,78
4143,10
4144,22
4145,49
4146,73
4147,43
4148,30
4149,32
4150,27
4151,1
4152,52
4153,23
4154,54
4155,7
4156,39
4157,21
4158,13
4159,48
4160,18
4161,36
4162,94
4163,105
4164,24
4165,29
4166,45
4167,123
4168,61
4169,52
4170,38
4171,29
4172,21
4173,62
4174,51
4175,43
4176,20
4177,53
4178,15
4179,154
4180,21
4181,8
4182,67
4183,31
4184,4
4185,45
4186,86
4187,15
4188,26
4189,28
4190,88
4191,51
4192,36
4193,31
4194,26
4195,110
4196,53
4197,18
4198,5
4199,19
4200,38
4201,100
4202,17
4203,16
4204,94
4205,24
4206,25
4207,55
4208,31
4209,32
4210,28
4211,76
4212,5
4213,70
4214,19
4215,11
4216,38
4217,40
4218,11
4219,8
4220,39
4221,28
4222,15
4223,46
4224,78
4225,15
4226,60
4227,53
4228,52
4229,36
4230,36
4231,52
4232,54
4233,62
4234,1
4235,16
4236,86
4237,31
4238,41
4239,11
4240,115
4241,115
4242,25
4243,22
4244,62
4245,38
4246,66
4247,33
4248,72
4249,28
4250,27
4251,27
4252,114
4253,20
4254,58
4255,76
4256,46
4257,180
4258,7
4259,84
4260,13
4261,13
4262,15
4263,19
4264,8
4265,155
4266,24
4267,27
4268,59
4269,53
4270,43
4271,60
4272,68
4273,8
4274,24
4275,50
4276,26
4277,18
4278,16
4279,115
4280,25
4281,35
4282,59
4283,41
4284,32
4285,16
4286,81
4287,21
4288,21
4289,30
4290,12
4291,24
4292,80
4293,12
4294,2
4295,45
4296,37
4297,34
4298,93
4299,26
4300,27
4301,89
4302,171
4303,59
4304,37
4305,48
4306,145
4307,11
4308,79
4309,15
4310,25
4311,21
4312,12
4313,31
4314,24
4315,31
4316,41
4317,14
4318,48
4319,81
4320,3
4321,58
4322,16
4323,63
4324,72
4325,50
4326,10
4327,65
4328,56
4329,30
4330,91
4331,55
4332,13
4333,51
4334,30
4335,11
4336,96
4337,67
4338,33
4339,49
4340,27
4341,189
4342,36
4343,100
4344,45
4345,24
4346,39
4347,29
4348,21
4349,3
4350,55
4351,21
4352,36
4353,62
4354,79
4355,59
4356,3
4357,36
4358,10
4359,72
4360,28
4361,9
4362,86
4363,55
4364,182
4365,20
4366,106
4367,19
4368,47
4369,12
4370,58
4371,56
4372,42
4373,53
4374,19
4375,56
4376,44
4377,24
4378,14
4379,101
4380,45
4381,59
4382,14
4383,167
4384,99
4385,22
4386,102
4387,52
4388,26
4389,64
4390,44
4391,66
4392,131
4393,32
4394,39
4395,69
4396,38
4397,6
4398,30
4399,48
4400,87
4401,4
4402,64
4403,125
4404,49
4405,66
4406,68
4407,67
4408,44
4409,250
4410,24
4411,66
4412,63
4413,62
4414,26
4415,29
4416,84
4417,5
4418,103
4419,74
4420,39
4421,22
4422,71
4423,27
4424,150
4425,62
4426,29
4427,73
4428,154
4429,61
4430,24
4431,33
4432,5
4433,35
4434,23
4435,12
4436,74
4437,92
4438,104
4439,180
4440,97
4441,209
4442,24
4443,3
4444,62
4445,61
4446,10
4447,83
4448,57
4449,103
4450,107
4451,50
4452,59
4453,94
4454,94
4455,79
4456,159
4457,68
4458,27
4459,151
4460,65
4461,106
4462,176
4463,98
4464,34
4465,56
4466,145
4467,3
4468,142
4469,20
4470,49
4471,36
4472,52
4473,97
4474,222
4475,85
4476,142
4477,23
4478,151
4479,145
4480,94
4481,80
4482,95
4483,132
4484,110
4485,275
4486,135
4487,67
4488,110
4489,83
4490,142
4491,130
4492,33
4493,111
4494,62
4495,94
4496,130
4497,87
4498,93
4499,146
4500,74
4501,119
4502,259
4503,83
4504,44
4505,24
4506,26
4507,14
4508,129
4509,54
4510,87
4511,151
4512,124
4513,251
4514,1
4515,6
4516,158
4517,152
4518,70
4519,10
4520,176
4521,72
4522,23
4523,76
4524,4
4525,130
4526,102
4527,133
4528,65
4529,20
4530,117
4531,116
4532,139
4533,45
4534,125
4535,74
4536,53
4537,124
4538,89
4539,54
4540,202
4541,171
4542,67
4543,86
4544,5
4545,39
4546,9
4547,60
4548,133
4549,204
4550,62
4551,41
4552,110
4553,92
4554,53
4555,189
4556,198
4557,72
4558,108
4559,89
4560,121
4561,16
4562,240
4563,47
4564,147
4565,191
4566,68
4567,91
4568,26
4569,40
4570,147
4571,4
4572,78
4573,67
4574,28
4575,149
4576,84
4577,41
4578,74
4579,111
4580,76
4581,120
4582,29
4583,162
4584,173
4585,36
4586,369
4587,136
4588,30
4589,74
4590,222
4591,52
4592,79
4593,19
4594,58
4595,62
4596,37
4597,29
4598,141
4599,286
4600,6
4601,107
4602,87
4603,27
4604,152
4605,11
4606,69
4607,109
4608,77
4609,52
4610,21
4611,37
4612,122
4613,49
4614,202
4615,122
4616,65
4617,180
4618,128
4619,248
4620,182
4621,160
4622,122
4623,3
4624,113
4625,134
4626,54
4627,106
4628,41
4629,44
4630,69
4631,192
4632,130
4633,200
4634,69
4635,233
4636,118
4637,113
4638,108
4639,152
4640,233
4641,52
4642,113
4643,73
4644,134
4645,154
4646,143
4647,91
4648,23
4649,19
4650,36
4651,56
4652,376
4653,72
4654,172
4655,152
4656,157
4657,166
4658,9
4659,345
4660,94
4661,308
4662,11
4663,184
4664,34
4665,98
4666,122
4667,127
4668,102
4669,381
4670,38
4671,101
4672,52
4673,7
4674,58
4675,72
4676,125
4677,75
4678,98
4679,12
4680,55
4681,12
4682,86
4683,109
4684,181
4685,113
4686,124
4687,180
4688,90
4689,179
4690,176
4691,136
4692,131
4693,180
4694,125
4695,12
4696,71
4697,486
4698,108
4699,55
4700,121
4701,111
4702,286
4703,97
4704,39
4705,350
4706,93
4707,161
4708,7
4709,230
4710,244
4711,110
4712,60
4713,52
4714,89
4715,39
4716,5
4717,262
4718,117
4719,56
4720,149
4721,166
4722,29
4723,159
4724,245
4725,134
4726,277
4727,378
4728,73
4729,196
4730,62
4731,81
4732,77
4733,381
4734,308
4735,32
4736,88
4737,142
4738,217
4739,113
4740,107
4741,138
4742,10
4743,407
4744,132
4745,133
4746,126
4747,244
4748,21
4749,274
4750,385
4751,152
4752,112
4753,136
4754,105
4755,108
4756,317
4757,117
4758,171
4759,173
4760,200
4761,111
4762,107
4763,97
4764,361
4765,151
4766,177
4767,85
4768,115
4769,325
4770,161
4771,343
4772,37
4773,178
4774,89
4775,359
4776,72
4777,99
4778,135
4779,87
4780,144
4781,148
4782,388
4783,272
4784,85
4785,164
4786,80
4787,49
4788,51
4789,68
4790,50
4791,275
4792,145
4793,165
4794,416
4795,51
4796,144
4797,242
4798,195
4799,150
4800,377
4801,234
4802,168
4803,313
4804,85
4805,233
4806,67
4807,39
4808,225
4809,194
4810,31
4811,236
4812,41
4813,280
4814,92
4815,100
4816,96
4817,12
4818,253
4819,98
4820,83
4821,118
4822,74
4823,49
4824,385
4825,67
4826,173
4827,107
4828,561
4829,104
4830,153
4831,375
4832,233
4833,191
4834,95
4835,266
4836,108
4837,279
4838,186
4839,379
4840,376
4841,517
4842,285
4843,133
4844,115
4845,180
4846,235
4847,82
4848,274
4849,14
4850,267
4851,163
4852,340
4853,198
4854,157
4855,244
4856,35
4857,49
4858,265
4859,73
4860,176
4861,111
4862,238
4863,70
4864,148
4865,326
4866,140
